,Player Name,Player Salary
0,Player-0,"$13,545,293.20"
1,Player-1,"$27,642,642.39"
2,Player-2,"$28,806,178.92"
3,Player-3,"$48,396,059.85"
4,Player-4,"$25,222,927.01"
5,Player-5,"$28,012,742.10"
6,Player-6,"$49,533,458.13"
7,Player-7,"$3,837,443.00"
8,Player-8,"$27,366,875.36"
9,Player-9,"$36,096,946.95"
10,Player-10,"$23,246,164.82"
11,Player-11,"$22,912,349.63"
12,Player-12,"$24,402,457.31"
13,Player-13,"$22,299,909.08"
14,Player-14,"$2,440,632.57"
15,Player-15,"$41,907,162.65"
16,Player-16,"$13,135,958.78"
17,Player-17,"$30,982,425.23"
18,Player-18,"$2,430,023.51"
19,Player-19,"$6,456,145.50"
20,Player-20,"$12,339,822.01"
21,Player-21,"$10,819,096.74"
22,Player-22,"$12,380,456.62"
23,Player-23,"$30,622,414.62"
24,Player-24,"$8,427,357.74"
25,Player-25,"$26,376,244.50"
26,Player-26,"$26,589,105.38"
27,Player-27,"$46,323,945.48"
28,Player-28,"$37,645,704.46"
29,Player-29,"$40,917,252.45"
30,Player-30,"$29,460,383.79"
31,Player-31,"$34,934,083.08"
32,Player-32,"$49,624,467.28"
33,Player-33,"$21,784,263.10"
34,Player-34,"$13,195,371.13"
35,Player-35,"$18,436,456.61"
36,Player-36,"$27,840,184.46"
37,Player-37,"$14,056,882.21"
38,Player-38,"$36,602,155.20"
39,Player-39,"$2,614,483.91"
40,Player-40,"$7,149,617.17"
41,Player-41,"$42,851,260.55"
42,Player-42,"$26,317,234.38"
43,Player-43,"$13,066,092.46"
44,Player-44,"$10,493,395.51"
45,Player-45,"$17,808,096.00"
46,Player-46,"$19,544,239.89"
47,Player-47,"$678,029.02"
48,Player-48,"$38,961,414.56"
49,Player-49,"$13,792,609.97"
50,Player-50,"$48,339,448.21"
51,Player-51,"$45,203,048.72"
52,Player-52,"$1,814,819.55"
53,Player-53,"$31,296,985.10"
54,Player-54,"$44,470,640.56"
55,Player-55,"$33,191,296.73"
56,Player-56,"$10,087,069.68"
57,Player-57,"$23,022,942.57"
58,Player-58,"$17,586,792.55"
59,Player-59,"$45,744,679.78"
60,Player-60,"$48,730,031.62"
61,Player-61,"$275,028.29"
62,Player-62,"$29,842,971.74"
63,Player-63,"$7,773,670.00"
64,Player-64,"$36,374,383.32"
65,Player-65,"$32,691,930.49"
66,Player-66,"$11,197,178.72"
67,Player-67,"$35,307,225.25"
68,Player-68,"$11,380,565.75"
69,Player-69,"$31,098,568.13"
70,Player-70,"$48,455,229.36"
71,Player-71,"$32,184,884.96"
72,Player-72,"$707,660.78"
73,Player-73,"$23,389,766.95"
74,Player-74,"$1,954,422.42"
75,Player-75,"$13,031,361.51"
76,Player-76,"$26,653,057.13"
77,Player-77,"$22,674,984.47"
78,Player-78,"$40,408,986.04"
79,Player-79,"$3,435,444.33"
80,Player-80,"$14,990,096.40"
81,Player-81,"$44,608,809.20"
82,Player-82,"$25,732,727.53"
83,Player-83,"$27,189,109.08"
84,Player-84,"$18,370,066.35"
85,Player-85,"$21,049,107.52"
86,Player-86,"$41,810,361.47"
87,Player-87,"$18,587,319.28"
88,Player-88,"$46,426,404.77"
89,Player-89,"$42,516,594.40"
90,Player-90,"$28,930,596.80"
91,Player-91,"$18,959,308.49"
92,Player-92,"$46,431,741.36"
93,Player-93,"$31,186,579.06"
94,Player-94,"$14,017,700.46"
95,Player-95,"$20,087,805.84"
96,Player-96,"$42,102,111.27"
97,Player-97,"$30,638,276.46"
98,Player-98,"$44,649,023.41"
99,Player-99,"$30,132,636.66"
100,Player-100,"$33,768,387.29"
101,Player-101,"$43,360,941.18"
102,Player-102,"$38,244,110.89"
103,Player-103,"$2,923,480.30"
104,Player-104,"$9,916,669.36"
105,Player-105,"$43,832,070.51"
106,Player-106,"$47,293,078.32"
107,Player-107,"$26,818,269.82"
108,Player-108,"$31,470,428.47"
109,Player-109,"$17,618,865.61"
110,Player-110,"$47,066,651.96"
111,Player-111,"$26,224,349.15"
112,Player-112,"$4,891,347.96"
113,Player-113,"$7,163,415.09"
114,Player-114,"$15,886,030.87"
115,Player-115,"$42,158,642.10"
116,Player-116,"$48,178,222.20"
117,Player-117,"$7,456,766.74"
118,Player-118,"$18,868,827.03"
119,Player-119,"$19,159,250.90"
120,Player-120,"$13,022,109.08"
121,Player-121,"$5,264,630.11"
122,Player-122,"$8,232,444.58"
123,Player-123,"$6,793,785.15"
124,Player-124,"$30,452,034.33"
125,Player-125,"$48,349,118.75"
126,Player-126,"$9,653,374.32"
127,Player-127,"$5,617,312.98"
128,Player-128,"$21,863,995.05"
129,Player-129,"$11,312,650.44"
130,Player-130,"$44,957,657.68"
131,Player-131,"$46,514,600.44"
132,Player-132,"$23,348,799.45"
133,Player-133,"$32,911,488.39"
134,Player-134,"$49,351,533.10"
135,Player-135,"$22,183,482.27"
136,Player-136,"$38,557,912.72"
137,Player-137,"$25,068,069.87"
138,Player-138,"$17,387,890.39"
139,Player-139,"$25,664,142.66"
140,Player-140,"$12,254,946.54"
141,Player-141,"$40,873,164.17"
142,Player-142,"$4,808,897.97"
143,Player-143,"$39,174,124.69"
144,Player-144,"$28,162,113.54"
145,Player-145,"$36,365,912.59"
146,Player-146,"$8,234,717.89"
147,Player-147,"$37,269,727.55"
148,Player-148,"$18,530,608.24"
149,Player-149,"$29,404,128.14"
150,Player-150,"$43,858,465.21"
151,Player-151,"$10,744,423.71"
152,Player-152,"$36,261,984.63"
153,Player-153,"$10,130,032.70"
154,Player-154,"$1,666,130.53"
155,Player-155,"$14,125,104.69"
156,Player-156,"$23,347,020.01"
157,Player-157,"$728,922.76"
158,Player-158,"$13,130,621.05"
159,Player-159,"$14,164,770.92"
160,Player-160,"$582,974.50"
161,Player-161,"$9,654,652.02"
162,Player-162,"$12,800,384.92"
163,Player-163,"$41,796,432.69"
164,Player-164,"$47,385,463.02"
165,Player-165,"$18,689,599.95"
166,Player-166,"$16,666,103.72"
167,Player-167,"$8,700,925.08"
168,Player-168,"$20,591,884.14"
169,Player-169,"$46,859,186.90"
170,Player-170,"$38,672,734.05"
171,Player-171,"$14,710,401.11"
172,Player-172,"$14,335,640.14"
173,Player-173,"$11,865,268.98"
174,Player-174,"$26,027,028.59"
175,Player-175,"$11,234,921.03"
176,Player-176,"$2,075,707.36"
177,Player-177,"$23,907,823.27"
178,Player-178,"$5,645,733.03"
179,Player-179,"$22,690,830.68"
180,Player-180,"$47,516,811.86"
181,Player-181,"$49,268,569.52"
182,Player-182,"$7,707,211.57"
183,Player-183,"$43,361,983.82"
184,Player-184,"$29,419,250.77"
185,Player-185,"$44,038,937.41"
186,Player-186,"$17,073,012.84"
187,Player-187,"$22,011,367.85"
188,Player-188,"$3,121,972.48"
189,Player-189,"$17,884,923.10"
190,Player-190,"$11,687,829.12"
191,Player-191,"$15,361,931.47"
192,Player-192,"$22,507,986.75"
193,Player-193,"$6,391,218.65"
194,Player-194,"$47,946,464.10"
195,Player-195,"$42,904,621.40"
196,Player-196,"$22,184,486.31"
197,Player-197,"$21,011,163.35"
198,Player-198,"$20,379,911.64"
199,Player-199,"$1,224,043.63"
200,Player-200,"$7,622,407.65"
201,Player-201,"$41,801,682.17"
202,Player-202,"$48,133,629.62"
203,Player-203,"$27,930,928.73"
204,Player-204,"$23,423,405.02"
205,Player-205,"$23,639,856.83"
206,Player-206,"$2,816,002.79"
207,Player-207,"$30,302,768.69"
208,Player-208,"$9,639,060.48"
209,Player-209,"$4,406,739.65"
210,Player-210,"$17,985,343.44"
211,Player-211,"$33,584,902.64"
212,Player-212,"$38,297,880.79"
213,Player-213,"$33,031,484.71"
214,Player-214,"$35,501,894.72"
215,Player-215,"$44,125,632.01"
216,Player-216,"$12,977,214.42"
217,Player-217,"$46,083,980.11"
218,Player-218,"$19,996,163.96"
219,Player-219,"$3,339,667.47"
220,Player-220,"$10,476,897.83"
221,Player-221,"$13,585,584.87"
222,Player-222,"$11,298,913.30"
223,Player-223,"$1,483,310.88"
224,Player-224,"$44,385,812.58"
225,Player-225,"$33,062,215.53"
226,Player-226,"$21,176,137.00"
227,Player-227,"$18,666,245.36"
228,Player-228,"$24,578,916.25"
229,Player-229,"$9,055,449.20"
230,Player-230,"$1,403,586.51"
231,Player-231,"$26,569,138.66"
232,Player-232,"$20,773,664.97"
233,Player-233,"$43,735,928.99"
234,Player-234,"$22,673,288.44"
235,Player-235,"$44,415,046.43"
236,Player-236,"$36,550,090.13"
237,Player-237,"$1,551,742.19"
238,Player-238,"$38,381,063.42"
239,Player-239,"$31,253,083.37"
240,Player-240,"$37,478,454.54"
241,Player-241,"$3,791,888.07"
242,Player-242,"$11,045,919.98"
243,Player-243,"$33,526,666.87"
244,Player-244,"$5,871,235.03"
245,Player-245,"$36,812,820.57"
246,Player-246,"$26,091,465.85"
247,Player-247,"$4,202,049.13"
248,Player-248,"$5,277,812.82"
249,Player-249,"$33,068,504.99"
250,Player-250,"$44,318,770.66"
251,Player-251,"$49,591,712.72"
252,Player-252,"$8,883,052.58"
253,Player-253,"$41,183,801.99"
254,Player-254,"$42,697,224.75"
255,Player-255,"$8,526,684.96"
256,Player-256,"$36,497,431.04"
257,Player-257,"$2,032,399.96"
258,Player-258,"$5,908,140.33"
259,Player-259,"$21,007,370.02"
260,Player-260,"$15,558,212.36"
261,Player-261,"$18,834,335.59"
262,Player-262,"$39,587,987.42"
263,Player-263,"$30,452,249.02"
264,Player-264,"$43,951,750.55"
265,Player-265,"$12,584,803.41"
266,Player-266,"$30,377,856.17"
267,Player-267,"$8,397,187.12"
268,Player-268,"$45,101,145.74"
269,Player-269,"$5,687,785.05"
270,Player-270,"$49,576,440.55"
271,Player-271,"$15,519,046.52"
272,Player-272,"$26,001,098.07"
273,Player-273,"$31,842,408.50"
274,Player-274,"$34,069,217.15"
275,Player-275,"$31,267,048.08"
276,Player-276,"$47,240,929.70"
277,Player-277,"$49,187,448.93"
278,Player-278,"$32,509,216.53"
279,Player-279,"$42,394,021.95"
280,Player-280,"$12,358,967.47"
281,Player-281,"$36,367,212.97"
282,Player-282,"$36,323,163.16"
283,Player-283,"$25,278,399.92"
284,Player-284,"$26,845,910.89"
285,Player-285,"$45,620,100.70"
286,Player-286,"$4,129,565.90"
287,Player-287,"$6,583,800.03"
288,Player-288,"$15,296,992.97"
289,Player-289,"$28,308,815.51"
290,Player-290,"$36,374,185.60"
291,Player-291,"$47,804,947.44"
292,Player-292,"$27,806,996.62"
293,Player-293,"$37,294,553.94"
294,Player-294,"$31,086,092.40"
295,Player-295,"$17,263,199.83"
296,Player-296,"$46,008,002.68"
297,Player-297,"$1,894,045.97"
298,Player-298,"$29,067,975.15"
299,Player-299,"$27,044,799.09"
300,Player-300,"$1,754,945.01"
301,Player-301,"$29,615,254.89"
302,Player-302,"$49,913,028.51"
303,Player-303,"$22,550,405.00"
304,Player-304,"$34,954,446.34"
305,Player-305,"$5,678,737.29"
306,Player-306,"$36,965,452.22"
307,Player-307,"$14,164,514.19"
308,Player-308,"$6,973,880.65"
309,Player-309,"$37,233,271.29"
310,Player-310,"$25,340,209.01"
311,Player-311,"$35,550,333.66"
312,Player-312,"$18,980,732.39"
313,Player-313,"$7,986,622.70"
314,Player-314,"$16,778,115.89"
315,Player-315,"$23,599,823.55"
316,Player-316,"$35,067,147.27"
317,Player-317,"$10,954,448.24"
318,Player-318,"$9,733,176.89"
319,Player-319,"$7,333,057.05"
320,Player-320,"$48,482,831.86"
321,Player-321,"$43,167,441.20"
322,Player-322,"$18,586,410.73"
323,Player-323,"$28,774,236.16"
324,Player-324,"$2,203,908.89"
325,Player-325,"$9,003,139.60"
326,Player-326,"$41,297,333.81"
327,Player-327,"$21,500,815.83"
328,Player-328,"$5,324,680.41"
329,Player-329,"$6,601,295.00"
330,Player-330,"$17,015,848.87"
331,Player-331,"$43,116,566.41"
332,Player-332,"$43,699,451.02"
333,Player-333,"$18,845,378.36"
334,Player-334,"$43,987,973.65"
335,Player-335,"$26,633,432.62"
336,Player-336,"$46,848,188.40"
337,Player-337,"$49,950,704.44"
338,Player-338,"$14,595,492.72"
339,Player-339,"$42,971,506.59"
340,Player-340,"$20,824,771.57"
341,Player-341,"$26,514,931.08"
342,Player-342,"$31,269,340.95"
343,Player-343,"$47,573,514.15"
344,Player-344,"$35,860,438.76"
345,Player-345,"$15,146,834.06"
346,Player-346,"$46,837,325.08"
347,Player-347,"$8,331,535.33"
348,Player-348,"$46,865,166.61"
349,Player-349,"$38,698,013.55"
350,Player-350,"$44,188,198.74"
351,Player-351,"$20,166,390.37"
352,Player-352,"$40,973,249.51"
353,Player-353,"$39,612,395.57"
354,Player-354,"$12,279,165.76"
355,Player-355,"$8,027,516.48"
356,Player-356,"$40,009,829.34"
357,Player-357,"$8,589,465.51"
358,Player-358,"$18,741,718.08"
359,Player-359,"$19,604,597.81"
360,Player-360,"$9,442,270.63"
361,Player-361,"$31,484,549.16"
362,Player-362,"$38,541,777.49"
363,Player-363,"$29,592,179.36"
364,Player-364,"$23,319,920.36"
365,Player-365,"$44,845,949.89"
366,Player-366,"$8,315,279.72"
367,Player-367,"$4,284,315.85"
368,Player-368,"$29,931,656.26"
369,Player-369,"$49,955,759.66"
370,Player-370,"$36,369,525.68"
371,Player-371,"$17,567,821.00"
372,Player-372,"$21,584,302.95"
373,Player-373,"$18,771,119.21"
374,Player-374,"$27,546,812.14"
375,Player-375,"$26,784,253.01"
376,Player-376,"$9,908,365.95"
377,Player-377,"$33,658,849.23"
378,Player-378,"$14,426,802.01"
379,Player-379,"$18,102,451.53"
380,Player-380,"$43,982,613.93"
381,Player-381,"$35,120,513.34"
382,Player-382,"$31,044,870.63"
383,Player-383,"$45,980,939.95"
384,Player-384,"$5,720,806.29"
385,Player-385,"$9,249,870.09"
386,Player-386,"$40,198,952.64"
387,Player-387,"$44,888,460.58"
388,Player-388,"$18,264,510.40"
389,Player-389,"$5,101,133.93"
390,Player-390,"$17,239,491.45"
391,Player-391,"$10,284,940.71"
392,Player-392,"$6,140,034.95"
393,Player-393,"$30,968,850.63"
394,Player-394,"$41,102,621.93"
395,Player-395,"$5,962,304.58"
396,Player-396,"$45,187,353.33"
397,Player-397,"$25,208,852.41"
398,Player-398,"$13,543,656.04"
399,Player-399,"$8,458,094.58"
400,Player-400,"$11,332,251.77"
401,Player-401,"$26,989,237.75"
402,Player-402,"$10,538,611.80"
403,Player-403,"$461,247.09"
404,Player-404,"$49,045,954.47"
405,Player-405,"$22,977,458.40"
406,Player-406,"$46,827,267.79"
407,Player-407,"$4,898,233.31"
408,Player-408,"$20,046,050.75"
409,Player-409,"$34,972,103.53"
410,Player-410,"$7,301,526.40"
411,Player-411,"$34,295,750.19"
412,Player-412,"$12,974,499.33"
413,Player-413,"$15,223,448.22"
414,Player-414,"$46,924,881.68"
415,Player-415,"$46,129,763.97"
416,Player-416,"$35,952,547.78"
417,Player-417,"$12,540,841.51"
418,Player-418,"$33,162,299.89"
419,Player-419,"$35,406,126.88"
420,Player-420,"$40,450,501.97"
421,Player-421,"$24,790,601.03"
422,Player-422,"$37,368,107.81"
423,Player-423,"$34,273,171.74"
424,Player-424,"$44,283,252.22"
425,Player-425,"$2,380,419.60"
426,Player-426,"$38,347,314.33"
427,Player-427,"$34,611,362.74"
428,Player-428,"$46,727,415.16"
429,Player-429,"$25,473,925.27"
430,Player-430,"$25,886,027.52"
431,Player-431,"$46,674,031.69"
432,Player-432,"$2,330,394.04"
433,Player-433,"$9,224,785.58"
434,Player-434,"$44,824,356.33"
435,Player-435,"$34,045,685.48"
436,Player-436,"$32,112,099.07"
437,Player-437,"$31,089,914.79"
438,Player-438,"$6,658,793.12"
439,Player-439,"$21,713,612.74"
440,Player-440,"$48,839,870.50"
441,Player-441,"$8,941,095.76"
442,Player-442,"$16,767,677.12"
443,Player-443,"$16,788,985.91"
444,Player-444,"$9,410,411.46"
445,Player-445,"$33,102,267.63"
446,Player-446,"$7,387,970.34"
447,Player-447,"$28,765,702.25"
448,Player-448,"$38,816,509.18"
449,Player-449,"$17,450,947.52"
450,Player-450,"$42,581,613.83"
451,Player-451,"$39,059,404.62"
452,Player-452,"$37,359,222.12"
453,Player-453,"$23,610,087.62"
454,Player-454,"$21,834,967.72"
455,Player-455,"$21,607,673.95"
456,Player-456,"$12,389,084.61"
457,Player-457,"$46,068,818.47"
458,Player-458,"$4,259,444.15"
459,Player-459,"$36,749,582.15"
460,Player-460,"$37,378,727.08"
461,Player-461,"$7,837,025.53"
462,Player-462,"$35,831,667.26"
463,Player-463,"$43,923,311.29"
464,Player-464,"$31,869,551.50"
465,Player-465,"$19,223,913.07"
466,Player-466,"$6,389,725.06"
467,Player-467,"$45,202,893.15"
468,Player-468,"$42,161,282.47"
469,Player-469,"$31,769,222.76"
470,Player-470,"$1,093,808.91"
471,Player-471,"$36,738,751.34"
472,Player-472,"$36,852,432.28"
473,Player-473,"$36,656,449.83"
474,Player-474,"$22,189,988.41"
475,Player-475,"$16,277,609.33"
476,Player-476,"$28,439,450.12"
477,Player-477,"$31,449,241.15"
478,Player-478,"$39,733,023.59"
479,Player-479,"$49,272,018.45"
480,Player-480,"$26,158,748.23"
481,Player-481,"$21,602,096.19"
482,Player-482,"$26,176,446.92"
483,Player-483,"$26,987,260.78"
484,Player-484,"$38,141,003.55"
485,Player-485,"$42,722,723.34"
486,Player-486,"$1,975,657.00"
487,Player-487,"$5,348,069.86"
488,Player-488,"$18,944,971.08"
489,Player-489,"$18,035,727.88"
490,Player-490,"$38,861,230.93"
491,Player-491,"$43,276,085.00"
492,Player-492,"$8,010,585.71"
493,Player-493,"$28,070,918.31"
494,Player-494,"$45,862,857.50"
495,Player-495,"$11,823,252.85"
496,Player-496,"$26,637,428.38"
497,Player-497,"$39,928,102.63"
498,Player-498,"$40,722,232.19"
499,Player-499,"$28,043,611.70"
500,Player-500,"$9,134,121.96"
501,Player-501,"$5,607,998.38"
502,Player-502,"$22,603,847.82"
503,Player-503,"$29,075,322.65"
504,Player-504,"$31,092,402.67"
505,Player-505,"$6,076,556.75"
506,Player-506,"$11,555,434.58"
507,Player-507,"$859,522.52"
508,Player-508,"$48,594,198.17"
509,Player-509,"$11,128,731.68"
510,Player-510,"$16,706,112.45"
511,Player-511,"$10,959,989.01"
512,Player-512,"$17,278,751.78"
513,Player-513,"$43,183,247.54"
514,Player-514,"$20,791,265.52"
515,Player-515,"$38,314,575.05"
516,Player-516,"$1,915,644.60"
517,Player-517,"$13,350,815.51"
518,Player-518,"$26,388,825.23"
519,Player-519,"$35,365,420.14"
520,Player-520,"$24,222,694.71"
521,Player-521,"$44,355,856.15"
522,Player-522,"$39,811,527.98"
523,Player-523,"$20,695,554.78"
524,Player-524,"$40,047,613.08"
525,Player-525,"$48,137,366.42"
526,Player-526,"$33,034,382.09"
527,Player-527,"$34,155,103.27"
528,Player-528,"$36,777,517.32"
529,Player-529,"$4,627,903.55"
530,Player-530,"$10,778,152.73"
531,Player-531,"$20,127,028.16"
532,Player-532,"$32,450,953.59"
533,Player-533,"$33,092,032.20"
534,Player-534,"$14,763,653.61"
535,Player-535,"$30,094,393.40"
536,Player-536,"$21,109,202.54"
537,Player-537,"$7,723,270.35"
538,Player-538,"$43,457,509.01"
539,Player-539,"$14,733,540.43"
540,Player-540,"$4,998,223.52"
541,Player-541,"$6,630,992.12"
542,Player-542,"$3,628,646.58"
543,Player-543,"$7,281,892.50"
544,Player-544,"$14,553,987.93"
545,Player-545,"$36,373,610.23"
546,Player-546,"$29,252,232.95"
547,Player-547,"$35,126,601.65"
548,Player-548,"$27,124,613.25"
549,Player-549,"$33,321,533.44"
550,Player-550,"$30,757,475.74"
551,Player-551,"$5,660,833.11"
552,Player-552,"$42,269,816.94"
553,Player-553,"$9,590,543.54"
554,Player-554,"$36,667,315.16"
555,Player-555,"$37,205,360.87"
556,Player-556,"$33,831,872.66"
557,Player-557,"$30,450,291.16"
558,Player-558,"$321,417.86"
559,Player-559,"$11,023,920.32"
560,Player-560,"$16,494,428.49"
561,Player-561,"$42,221,660.70"
562,Player-562,"$16,992,090.85"
563,Player-563,"$5,301,222.02"
564,Player-564,"$13,882,632.75"
565,Player-565,"$8,264,394.85"
566,Player-566,"$44,218,307.62"
567,Player-567,"$6,420,133.26"
568,Player-568,"$28,581,993.63"
569,Player-569,"$21,456,185.48"
570,Player-570,"$22,654,348.51"
571,Player-571,"$44,728,505.44"
572,Player-572,"$40,421,657.59"
573,Player-573,"$8,424,518.47"
574,Player-574,"$28,939,503.92"
575,Player-575,"$29,962,502.66"
576,Player-576,"$48,690,893.94"
577,Player-577,"$16,003,634.91"
578,Player-578,"$19,575,245.49"
579,Player-579,"$46,105,458.68"
580,Player-580,"$21,814,773.00"
581,Player-581,"$24,894,098.94"
582,Player-582,"$29,979,143.63"
583,Player-583,"$38,309,019.34"
584,Player-584,"$16,620,451.14"
585,Player-585,"$22,919,900.27"
586,Player-586,"$49,304,466.49"
587,Player-587,"$49,629,752.57"
588,Player-588,"$20,394,856.89"
589,Player-589,"$17,140,290.22"
590,Player-590,"$43,412,132.32"
591,Player-591,"$20,878,083.74"
592,Player-592,"$47,191,455.26"
593,Player-593,"$270,297.85"
594,Player-594,"$35,041,289.65"
595,Player-595,"$46,655,901.87"
596,Player-596,"$5,727,262.54"
597,Player-597,"$12,343,769.07"
598,Player-598,"$17,315,395.98"
599,Player-599,"$48,073,734.38"
600,Player-600,"$18,548,606.15"
601,Player-601,"$34,618,614.17"
602,Player-602,"$13,126,507.82"
603,Player-603,"$8,448,801.13"
604,Player-604,"$32,256,605.21"
605,Player-605,"$49,905,085.94"
606,Player-606,"$21,607,444.11"
607,Player-607,"$7,664,612.78"
608,Player-608,"$12,521,534.23"
609,Player-609,"$7,156,162.62"
610,Player-610,"$46,918,719.28"
611,Player-611,"$1,109,018.95"
612,Player-612,"$30,408,623.44"
613,Player-613,"$31,822,797.92"
614,Player-614,"$6,695,402.57"
615,Player-615,"$17,162,581.95"
616,Player-616,"$44,406,004.97"
617,Player-617,"$19,197,027.22"
618,Player-618,"$17,740,122.90"
619,Player-619,"$23,685,792.39"
620,Player-620,"$34,129,222.81"
621,Player-621,"$4,206,134.91"
622,Player-622,"$48,673,574.67"
623,Player-623,"$32,282,445.46"
624,Player-624,"$45,494,944.90"
625,Player-625,"$10,361,090.05"
626,Player-626,"$22,100,996.52"
627,Player-627,"$15,338,839.43"
628,Player-628,"$43,163,261.54"
629,Player-629,"$39,862,192.40"
630,Player-630,"$25,144,713.36"
631,Player-631,"$31,748,633.63"
632,Player-632,"$25,041,223.19"
633,Player-633,"$13,203,781.88"
634,Player-634,"$21,300,017.35"
635,Player-635,"$5,966,094.47"
636,Player-636,"$30,036,113.45"
637,Player-637,"$19,582,848.45"
638,Player-638,"$11,012,352.69"
639,Player-639,"$12,780,495.38"
640,Player-640,"$12,302,776.26"
641,Player-641,"$14,332,356.22"
642,Player-642,"$25,876,404.88"
643,Player-643,"$43,436,376.65"
644,Player-644,"$22,004,725.65"
645,Player-645,"$13,865,738.45"
646,Player-646,"$20,114,041.99"
647,Player-647,"$26,108,028.52"
648,Player-648,"$11,099,052.81"
649,Player-649,"$31,551,851.53"
650,Player-650,"$35,611,887.68"
651,Player-651,"$35,191,075.27"
652,Player-652,"$26,751,116.60"
653,Player-653,"$20,627,443.02"
654,Player-654,"$35,039,019.49"
655,Player-655,"$18,533,067.32"
656,Player-656,"$32,078,000.01"
657,Player-657,"$17,866,785.01"
658,Player-658,"$15,954,231.62"
659,Player-659,"$41,451,177.34"
660,Player-660,"$21,186,181.63"
661,Player-661,"$6,685,404.15"
662,Player-662,"$33,990,250.56"
663,Player-663,"$31,280,158.01"
664,Player-664,"$3,374,055.48"
665,Player-665,"$32,217,621.48"
666,Player-666,"$5,179,075.87"
667,Player-667,"$11,741,763.86"
668,Player-668,"$218,311.91"
669,Player-669,"$9,583,617.40"
670,Player-670,"$2,669,313.74"
671,Player-671,"$14,927,074.39"
672,Player-672,"$24,550,268.10"
673,Player-673,"$36,105,861.03"
674,Player-674,"$37,107,789.07"
675,Player-675,"$35,268,951.88"
676,Player-676,"$11,437,885.47"
677,Player-677,"$37,986,804.77"
678,Player-678,"$7,512,887.83"
679,Player-679,"$7,822,475.83"
680,Player-680,"$2,320,076.25"
681,Player-681,"$15,787,374.04"
682,Player-682,"$46,276,420.08"
683,Player-683,"$1,498,139.05"
684,Player-684,"$35,717,989.66"
685,Player-685,"$11,343,416.84"
686,Player-686,"$6,147,995.67"
687,Player-687,"$6,788,419.59"
688,Player-688,"$37,510,424.61"
689,Player-689,"$40,177,621.95"
690,Player-690,"$17,043,418.03"
691,Player-691,"$12,442,740.43"
692,Player-692,"$20,499,744.90"
693,Player-693,"$45,964,583.78"
694,Player-694,"$19,321,127.26"
695,Player-695,"$49,619,887.08"
696,Player-696,"$18,895,483.66"
697,Player-697,"$42,658,892.64"
698,Player-698,"$32,006,287.20"
699,Player-699,"$47,897,125.18"
700,Player-700,"$3,833,286.18"
701,Player-701,"$42,452,240.91"
702,Player-702,"$37,424,957.63"
703,Player-703,"$41,132,887.28"
704,Player-704,"$31,970,494.71"
705,Player-705,"$8,192,893.44"
706,Player-706,"$39,000,159.89"
707,Player-707,"$11,193,736.50"
708,Player-708,"$27,550,196.65"
709,Player-709,"$24,557,446.75"
710,Player-710,"$30,491,106.02"
711,Player-711,"$22,365,864.98"
712,Player-712,"$11,186,034.66"
713,Player-713,"$37,166,453.82"
714,Player-714,"$33,807,830.16"
715,Player-715,"$17,087,632.17"
716,Player-716,"$2,875,477.73"
717,Player-717,"$2,219,461.70"
718,Player-718,"$31,593,983.38"
719,Player-719,"$40,032,995.94"
720,Player-720,"$22,462,271.86"
721,Player-721,"$30,654,644.09"
722,Player-722,"$33,012,375.16"
723,Player-723,"$17,496,074.78"
724,Player-724,"$32,784,410.44"
725,Player-725,"$32,329,074.37"
726,Player-726,"$21,017,372.31"
727,Player-727,"$32,330,247.34"
728,Player-728,"$23,808,981.46"
729,Player-729,"$27,153,651.82"
730,Player-730,"$5,178,644.45"
731,Player-731,"$25,612,089.87"
732,Player-732,"$24,189,471.27"
733,Player-733,"$24,690,756.49"
734,Player-734,"$31,553,288.96"
735,Player-735,"$49,231,047.18"
736,Player-736,"$22,800,362.28"
737,Player-737,"$48,168,490.74"
738,Player-738,"$722,081.90"
739,Player-739,"$45,827,837.65"
740,Player-740,"$12,610,580.42"
741,Player-741,"$1,919,801.40"
742,Player-742,"$27,661,682.48"
743,Player-743,"$30,568,575.29"
744,Player-744,"$34,626,411.46"
745,Player-745,"$30,381,593.33"
746,Player-746,"$21,265,992.24"
747,Player-747,"$27,602,765.23"
748,Player-748,"$36,109,772.58"
749,Player-749,"$5,426,715.05"
750,Player-750,"$3,339,527.16"
751,Player-751,"$49,855,484.24"
752,Player-752,"$5,512,870.99"
753,Player-753,"$39,173,173.71"
754,Player-754,"$44,562,897.58"
755,Player-755,"$35,216,181.86"
756,Player-756,"$1,389,336.86"
757,Player-757,"$27,410,391.09"
758,Player-758,"$30,598,505.60"
759,Player-759,"$36,357,108.92"
760,Player-760,"$29,711,005.30"
761,Player-761,"$34,758,751.79"
762,Player-762,"$6,019,586.44"
763,Player-763,"$46,313,499.26"
764,Player-764,"$6,277,280.26"
765,Player-765,"$21,740,998.98"
766,Player-766,"$35,029,080.30"
767,Player-767,"$8,620,907.40"
768,Player-768,"$22,227,789.35"
769,Player-769,"$35,623,570.26"
770,Player-770,"$24,570,674.22"
771,Player-771,"$25,269,914.97"
772,Player-772,"$30,713,817.15"
773,Player-773,"$48,483,760.61"
774,Player-774,"$40,152,866.70"
775,Player-775,"$19,291,803.43"
776,Player-776,"$34,586,458.58"
777,Player-777,"$18,746,471.95"
778,Player-778,"$35,537,371.02"
779,Player-779,"$47,597,729.48"
780,Player-780,"$10,302,391.25"
781,Player-781,"$31,723,504.49"
782,Player-782,"$41,814,479.10"
783,Player-783,"$39,375,563.85"
784,Player-784,"$5,076,810.41"
785,Player-785,"$16,461,923.56"
786,Player-786,"$44,805,000.64"
787,Player-787,"$29,249,616.83"
788,Player-788,"$23,510,987.19"
789,Player-789,"$3,406,410.60"
790,Player-790,"$43,146,465.45"
791,Player-791,"$25,784,427.58"
792,Player-792,"$19,358,201.79"
793,Player-793,"$5,227,685.96"
794,Player-794,"$41,907,913.16"
795,Player-795,"$47,579,529.03"
796,Player-796,"$40,466,244.60"
797,Player-797,"$27,379,753.25"
798,Player-798,"$36,024,292.91"
799,Player-799,"$8,638,722.07"
800,Player-800,"$37,202,115.05"
801,Player-801,"$41,064,042.31"
802,Player-802,"$9,277,590.31"
803,Player-803,"$14,951,384.87"
804,Player-804,"$28,606,038.11"
805,Player-805,"$8,147,941.07"
806,Player-806,"$9,643,613.62"
807,Player-807,"$11,138,322.78"
808,Player-808,"$27,563,719.94"
809,Player-809,"$42,434,092.92"
810,Player-810,"$2,155,105.99"
811,Player-811,"$17,510,266.88"
812,Player-812,"$38,212,172.38"
813,Player-813,"$16,888,453.99"
814,Player-814,"$39,832,883.17"
815,Player-815,"$14,710,556.53"
816,Player-816,"$34,865,805.81"
817,Player-817,"$8,165,273.98"
818,Player-818,"$13,984,682.27"
819,Player-819,"$26,413,472.61"
820,Player-820,"$3,902,071.65"
821,Player-821,"$29,755,116.61"
822,Player-822,"$38,563,311.15"
823,Player-823,"$20,885,976.12"
824,Player-824,"$47,683,423.60"
825,Player-825,"$1,452,264.39"
826,Player-826,"$29,181,261.16"
827,Player-827,"$47,901,717.15"
828,Player-828,"$18,179,079.18"
829,Player-829,"$40,800,701.36"
830,Player-830,"$3,597,990.43"
831,Player-831,"$49,809,129.39"
832,Player-832,"$37,807,416.64"
833,Player-833,"$7,437,436.26"
834,Player-834,"$28,269,499.70"
835,Player-835,"$47,837,551.76"
836,Player-836,"$20,432,593.59"
837,Player-837,"$21,964,769.71"
838,Player-838,"$3,290,918.07"
839,Player-839,"$10,234,394.05"
840,Player-840,"$35,696,796.18"
841,Player-841,"$37,598,435.72"
842,Player-842,"$46,020,763.28"
843,Player-843,"$42,266,999.47"
844,Player-844,"$34,568,901.73"
845,Player-845,"$30,803,585.78"
846,Player-846,"$27,038,972.61"
847,Player-847,"$8,844,673.50"
848,Player-848,"$278,482.54"
849,Player-849,"$46,641,434.22"
850,Player-850,"$29,702,236.97"
851,Player-851,"$23,794,397.36"
852,Player-852,"$24,608,643.49"
853,Player-853,"$28,224,753.05"
854,Player-854,"$8,972,442.58"
855,Player-855,"$24,421,000.01"
856,Player-856,"$11,268,531.51"
857,Player-857,"$21,273,744.47"
858,Player-858,"$6,217,779.63"
859,Player-859,"$32,091,757.37"
860,Player-860,"$13,856,505.49"
861,Player-861,"$32,695,128.41"
862,Player-862,"$47,680,249.01"
863,Player-863,"$18,122,715.24"
864,Player-864,"$29,624,262.40"
865,Player-865,"$30,981,564.82"
866,Player-866,"$47,022,794.81"
867,Player-867,"$13,898,350.65"
868,Player-868,"$32,479,637.56"
869,Player-869,"$28,769,939.49"
870,Player-870,"$34,347,338.95"
871,Player-871,"$49,004,951.03"
872,Player-872,"$31,548,607.66"
873,Player-873,"$11,940,641.50"
874,Player-874,"$20,632,439.14"
875,Player-875,"$30,400,881.62"
876,Player-876,"$14,585,549.92"
877,Player-877,"$26,996,510.56"
878,Player-878,"$46,665,048.17"
879,Player-879,"$2,827,912.80"
880,Player-880,"$28,381,781.78"
881,Player-881,"$32,173,378.71"
882,Player-882,"$8,331,754.67"
883,Player-883,"$1,724,747.58"
884,Player-884,"$2,555,823.76"
885,Player-885,"$43,510,060.22"
886,Player-886,"$31,448,661.06"
887,Player-887,"$30,032,342.00"
888,Player-888,"$12,991,689.78"
889,Player-889,"$18,801,284.30"
890,Player-890,"$42,991,714.16"
891,Player-891,"$22,478,288.37"
892,Player-892,"$24,104,264.15"
893,Player-893,"$17,617,270.63"
894,Player-894,"$33,974,395.40"
895,Player-895,"$5,671,480.56"
896,Player-896,"$23,606,109.02"
897,Player-897,"$26,623,293.63"
898,Player-898,"$17,207,562.84"
899,Player-899,"$11,983,961.53"
900,Player-900,"$13,760,261.23"
901,Player-901,"$874,716.59"
902,Player-902,"$32,972,256.96"
903,Player-903,"$28,408,454.98"
904,Player-904,"$31,790,271.04"
905,Player-905,"$12,921,893.82"
906,Player-906,"$49,824,540.06"
907,Player-907,"$17,070,360.98"
908,Player-908,"$34,695,508.26"
909,Player-909,"$33,998,875.62"
910,Player-910,"$12,537,087.98"
911,Player-911,"$29,823,850.49"
912,Player-912,"$42,788,343.90"
913,Player-913,"$49,399,405.87"
914,Player-914,"$46,270,395.66"
915,Player-915,"$18,586,435.75"
916,Player-916,"$32,277,026.39"
917,Player-917,"$38,030,200.86"
918,Player-918,"$2,757,849.73"
919,Player-919,"$1,358,482.82"
920,Player-920,"$49,904,171.43"
921,Player-921,"$12,057,840.62"
922,Player-922,"$21,526,939.40"
923,Player-923,"$31,727,233.08"
924,Player-924,"$41,897,497.59"
925,Player-925,"$24,980,975.39"
926,Player-926,"$23,212,366.49"
927,Player-927,"$3,934,857.30"
928,Player-928,"$32,235,314.22"
929,Player-929,"$45,327,719.72"
930,Player-930,"$18,044,559.75"
931,Player-931,"$11,021,023.44"
932,Player-932,"$19,499,150.39"
933,Player-933,"$30,401,139.06"
934,Player-934,"$26,026,661.40"
935,Player-935,"$5,477,274.64"
936,Player-936,"$29,567,867.18"
937,Player-937,"$31,543,969.04"
938,Player-938,"$250,396.26"
939,Player-939,"$17,760,831.48"
940,Player-940,"$35,780,348.13"
941,Player-941,"$48,057,720.39"
942,Player-942,"$7,585,680.34"
943,Player-943,"$28,588,507.11"
944,Player-944,"$34,199,000.87"
945,Player-945,"$10,834,878.46"
946,Player-946,"$1,559,573.33"
947,Player-947,"$38,202,904.67"
948,Player-948,"$18,821,101.80"
949,Player-949,"$5,900,650.62"
950,Player-950,"$33,137,792.48"
951,Player-951,"$43,090,248.33"
952,Player-952,"$16,919,044.55"
953,Player-953,"$5,245,324.42"
954,Player-954,"$46,658,633.63"
955,Player-955,"$8,655,438.27"
956,Player-956,"$8,206,684.19"
957,Player-957,"$39,353,567.20"
958,Player-958,"$32,591,742.38"
959,Player-959,"$31,542,826.73"
960,Player-960,"$37,474,631.63"
961,Player-961,"$4,069,192.69"
962,Player-962,"$47,100,246.45"
963,Player-963,"$10,870,411.43"
964,Player-964,"$29,051,693.99"
965,Player-965,"$22,600,659.64"
966,Player-966,"$27,628,293.66"
967,Player-967,"$13,267,010.84"
968,Player-968,"$40,955,612.97"
969,Player-969,"$40,121,151.27"
970,Player-970,"$11,639,739.39"
971,Player-971,"$32,113,935.38"
972,Player-972,"$3,938,554.18"
973,Player-973,"$17,973,730.90"
974,Player-974,"$34,791,287.81"
975,Player-975,"$31,912,399.83"
976,Player-976,"$47,620,925.00"
977,Player-977,"$20,373,606.14"
978,Player-978,"$40,909,618.49"
979,Player-979,"$1,161,006.12"
980,Player-980,"$5,727,757.69"
981,Player-981,"$47,040,718.11"
982,Player-982,"$13,519,743.53"
983,Player-983,"$23,237,346.54"
984,Player-984,"$6,051,267.33"
985,Player-985,"$37,095,144.86"
986,Player-986,"$25,903,817.32"
987,Player-987,"$22,218,039.83"
988,Player-988,"$28,906,102.51"
989,Player-989,"$15,340,409.41"
990,Player-990,"$12,834,273.66"
991,Player-991,"$25,395,693.35"
992,Player-992,"$32,097,057.15"
993,Player-993,"$35,720,190.32"
994,Player-994,"$32,727,839.07"
995,Player-995,"$17,356,884.22"
996,Player-996,"$32,067,086.02"
997,Player-997,"$1,390,999.10"
998,Player-998,"$38,075,105.83"
999,Player-999,"$27,056,241.75"
1000,Player-1000,"$46,363,848.17"
1001,Player-1001,"$31,230,263.26"
1002,Player-1002,"$8,100,438.24"
1003,Player-1003,"$26,135,059.66"
1004,Player-1004,"$24,524,362.34"
1005,Player-1005,"$2,653,338.94"
1006,Player-1006,"$9,561,769.82"
1007,Player-1007,"$37,897,748.76"
1008,Player-1008,"$7,828,219.27"
1009,Player-1009,"$13,414,363.99"
1010,Player-1010,"$47,884,984.41"
1011,Player-1011,"$24,167,713.08"
1012,Player-1012,"$49,379,171.33"
1013,Player-1013,"$40,817,801.83"
1014,Player-1014,"$21,250,409.74"
1015,Player-1015,"$46,874,147.19"
1016,Player-1016,"$22,927,762.35"
1017,Player-1017,"$45,969,558.85"
1018,Player-1018,"$26,224,736.02"
1019,Player-1019,"$1,014,086.33"
1020,Player-1020,"$38,232,683.12"
1021,Player-1021,"$46,994,065.69"
1022,Player-1022,"$24,229,887.65"
1023,Player-1023,"$45,131,607.29"
1024,Player-1024,"$20,547,671.10"
1025,Player-1025,"$24,076,459.95"
1026,Player-1026,"$14,943,363.30"
1027,Player-1027,"$20,753,522.11"
1028,Player-1028,"$44,003,604.34"
1029,Player-1029,"$33,385,947.53"
1030,Player-1030,"$34,511,789.23"
1031,Player-1031,"$23,725,778.81"
1032,Player-1032,"$39,333,527.99"
1033,Player-1033,"$3,690,500.63"
1034,Player-1034,"$31,415,495.36"
1035,Player-1035,"$11,298,062.94"
1036,Player-1036,"$16,868,876.02"
1037,Player-1037,"$10,906,417.50"
1038,Player-1038,"$2,759,866.26"
1039,Player-1039,"$46,580,197.45"
1040,Player-1040,"$24,669,999.89"
1041,Player-1041,"$10,362,287.19"
1042,Player-1042,"$14,775,217.77"
1043,Player-1043,"$43,344,460.84"
1044,Player-1044,"$2,463,395.08"
1045,Player-1045,"$13,681,252.66"
1046,Player-1046,"$16,730,836.91"
1047,Player-1047,"$6,265,005.71"
1048,Player-1048,"$31,909,550.05"
1049,Player-1049,"$47,923,700.70"
1050,Player-1050,"$38,201,319.20"
1051,Player-1051,"$49,945,231.68"
1052,Player-1052,"$18,821,582.79"
1053,Player-1053,"$42,955,869.31"
1054,Player-1054,"$27,309,108.55"
1055,Player-1055,"$43,340,495.45"
1056,Player-1056,"$12,355,531.34"
1057,Player-1057,"$43,326,639.21"
1058,Player-1058,"$39,971,010.31"
1059,Player-1059,"$12,006,584.10"
1060,Player-1060,"$35,476,490.45"
1061,Player-1061,"$11,832,751.47"
1062,Player-1062,"$21,479,908.25"
1063,Player-1063,"$32,498,966.93"
1064,Player-1064,"$42,155,097.58"
1065,Player-1065,"$19,675,259.35"
1066,Player-1066,"$7,949,690.42"
1067,Player-1067,"$21,394,969.71"
1068,Player-1068,"$15,462,901.09"
1069,Player-1069,"$6,345,032.95"
1070,Player-1070,"$43,897,858.00"
1071,Player-1071,"$8,385,617.98"
1072,Player-1072,"$16,014,067.74"
1073,Player-1073,"$16,501,603.76"
1074,Player-1074,"$17,408,810.41"
1075,Player-1075,"$43,077,631.89"
1076,Player-1076,"$48,411,640.31"
1077,Player-1077,"$24,524,014.30"
1078,Player-1078,"$37,078,826.00"
1079,Player-1079,"$33,889,764.39"
1080,Player-1080,"$7,701,270.20"
1081,Player-1081,"$25,450,528.17"
1082,Player-1082,"$3,532,889.49"
1083,Player-1083,"$32,475,877.25"
1084,Player-1084,"$3,793,443.96"
1085,Player-1085,"$20,049,927.27"
1086,Player-1086,"$10,318,961.74"
1087,Player-1087,"$7,628,331.45"
1088,Player-1088,"$7,516,535.38"
1089,Player-1089,"$37,504,042.25"
1090,Player-1090,"$14,977,032.54"
1091,Player-1091,"$2,431,557.59"
1092,Player-1092,"$46,408,527.46"
1093,Player-1093,"$48,912,426.85"
1094,Player-1094,"$33,983,977.59"
1095,Player-1095,"$20,055,578.27"
1096,Player-1096,"$13,318,612.26"
1097,Player-1097,"$7,276,585.09"
1098,Player-1098,"$48,522,119.10"
1099,Player-1099,"$26,890,067.59"
1100,Player-1100,"$13,859,842.09"
1101,Player-1101,"$8,162,629.62"
1102,Player-1102,"$25,051,863.76"
1103,Player-1103,"$40,747,107.00"
1104,Player-1104,"$33,739,878.83"
1105,Player-1105,"$49,050,260.31"
1106,Player-1106,"$44,017,235.99"
1107,Player-1107,"$6,982,643.74"
1108,Player-1108,"$31,686,858.39"
1109,Player-1109,"$30,411,425.47"
1110,Player-1110,"$12,687,725.22"
1111,Player-1111,"$35,108,145.37"
1112,Player-1112,"$26,163,191.91"
1113,Player-1113,"$12,683,807.96"
1114,Player-1114,"$2,314,981.62"
1115,Player-1115,"$45,504,817.04"
1116,Player-1116,"$25,645,209.20"
1117,Player-1117,"$28,021,443.17"
1118,Player-1118,"$41,696,677.97"
1119,Player-1119,"$39,723,119.36"
1120,Player-1120,"$30,814,560.71"
1121,Player-1121,"$33,631,188.20"
1122,Player-1122,"$31,286,623.10"
1123,Player-1123,"$21,727,832.09"
1124,Player-1124,"$8,275,249.93"
1125,Player-1125,"$22,224,898.08"
1126,Player-1126,"$24,557,072.93"
1127,Player-1127,"$2,957,219.30"
1128,Player-1128,"$43,535,329.59"
1129,Player-1129,"$28,614,404.39"
1130,Player-1130,"$24,342,668.47"
1131,Player-1131,"$4,998,373.56"
1132,Player-1132,"$32,218,536.58"
1133,Player-1133,"$43,744,756.36"
1134,Player-1134,"$28,368,859.44"
1135,Player-1135,"$29,524,277.08"
1136,Player-1136,"$26,077,817.65"
1137,Player-1137,"$40,865,134.20"
1138,Player-1138,"$23,265,951.08"
1139,Player-1139,"$24,934,373.47"
1140,Player-1140,"$23,819,979.02"
1141,Player-1141,"$23,190,982.50"
1142,Player-1142,"$42,181,307.33"
1143,Player-1143,"$4,134,666.43"
1144,Player-1144,"$28,089,698.78"
1145,Player-1145,"$32,851,022.09"
1146,Player-1146,"$37,561,051.37"
1147,Player-1147,"$10,648,622.90"
1148,Player-1148,"$13,854,845.23"
1149,Player-1149,"$24,385,354.33"
1150,Player-1150,"$22,478,892.45"
1151,Player-1151,"$24,830,480.54"
1152,Player-1152,"$14,556,190.70"
1153,Player-1153,"$4,943,488.06"
1154,Player-1154,"$40,441,949.90"
1155,Player-1155,"$44,258,333.64"
1156,Player-1156,"$5,831,889.12"
1157,Player-1157,"$5,126,627.27"
1158,Player-1158,"$11,108,665.30"
1159,Player-1159,"$40,140,996.06"
1160,Player-1160,"$30,026,931.09"
1161,Player-1161,"$44,197,047.94"
1162,Player-1162,"$36,724,270.39"
1163,Player-1163,"$8,010,346.37"
1164,Player-1164,"$1,406,749.25"
1165,Player-1165,"$6,052,471.71"
1166,Player-1166,"$1,078,374.30"
1167,Player-1167,"$14,226,905.93"
1168,Player-1168,"$27,345,691.37"
1169,Player-1169,"$43,270,715.32"
1170,Player-1170,"$7,858,591.31"
1171,Player-1171,"$46,753,481.45"
1172,Player-1172,"$38,591,711.78"
1173,Player-1173,"$28,169,043.82"
1174,Player-1174,"$33,978,091.07"
1175,Player-1175,"$11,841,003.91"
1176,Player-1176,"$35,341,167.23"
1177,Player-1177,"$41,362,368.42"
1178,Player-1178,"$47,708,365.78"
1179,Player-1179,"$17,697,463.98"
1180,Player-1180,"$20,821,568.58"
1181,Player-1181,"$32,225,020.81"
1182,Player-1182,"$17,330,852.02"
1183,Player-1183,"$31,237,431.60"
1184,Player-1184,"$42,495,253.94"
1185,Player-1185,"$34,659,664.79"
1186,Player-1186,"$21,342,025.56"
1187,Player-1187,"$42,947,687.47"
1188,Player-1188,"$2,787,977.81"
1189,Player-1189,"$374,252.95"
1190,Player-1190,"$11,223,607.80"
1191,Player-1191,"$48,500,362.95"
1192,Player-1192,"$11,713,631.12"
1193,Player-1193,"$26,646,374.06"
1194,Player-1194,"$38,953,250.23"
1195,Player-1195,"$19,635,919.65"
1196,Player-1196,"$17,764,379.00"
1197,Player-1197,"$4,819,457.69"
1198,Player-1198,"$9,732,154.19"
1199,Player-1199,"$28,630,865.61"
1200,Player-1200,"$3,799,769.48"
1201,Player-1201,"$16,960,490.10"
1202,Player-1202,"$14,261,385.85"
1203,Player-1203,"$18,080,889.51"
1204,Player-1204,"$18,287,780.42"
1205,Player-1205,"$1,564,527.66"
1206,Player-1206,"$42,658,665.09"
1207,Player-1207,"$23,669,074.50"
1208,Player-1208,"$31,679,614.46"
1209,Player-1209,"$46,419,259.17"
1210,Player-1210,"$4,396,067.01"
1211,Player-1211,"$39,668,993.42"
1212,Player-1212,"$4,572,621.97"
1213,Player-1213,"$36,230,359.17"
1214,Player-1214,"$17,420,480.24"
1215,Player-1215,"$36,371,986.07"
1216,Player-1216,"$12,374,325.45"
1217,Player-1217,"$15,638,965.57"
1218,Player-1218,"$442,089.95"
1219,Player-1219,"$39,739,228.27"
1220,Player-1220,"$44,313,499.13"
1221,Player-1221,"$25,169,497.66"
1222,Player-1222,"$10,946,707.86"
1223,Player-1223,"$15,783,754.44"
1224,Player-1224,"$8,732,408.66"
1225,Player-1225,"$41,921,890.58"
1226,Player-1226,"$30,279,372.11"
1227,Player-1227,"$36,178,977.06"
1228,Player-1228,"$15,192,362.39"
1229,Player-1229,"$19,697,547.09"
1230,Player-1230,"$3,511,700.55"
1231,Player-1231,"$32,692,226.74"
1232,Player-1232,"$23,746,657.22"
1233,Player-1233,"$39,781,634.06"
1234,Player-1234,"$20,889,532.93"
1235,Player-1235,"$37,509,141.58"
1236,Player-1236,"$29,719,440.55"
1237,Player-1237,"$44,625,023.47"
1238,Player-1238,"$22,266,480.36"
1239,Player-1239,"$47,866,605.95"
1240,Player-1240,"$15,358,119.20"
1241,Player-1241,"$16,452,601.10"
1242,Player-1242,"$19,710,605.51"
1243,Player-1243,"$2,895,169.96"
1244,Player-1244,"$29,711,810.02"
1245,Player-1245,"$18,496,019.95"
1246,Player-1246,"$39,211,347.13"
1247,Player-1247,"$48,438,997.74"
1248,Player-1248,"$4,664,842.56"
1249,Player-1249,"$10,684,290.47"
1250,Player-1250,"$5,415,097.23"
1251,Player-1251,"$37,320,059.43"
1252,Player-1252,"$1,177,724.13"
1253,Player-1253,"$12,369,151.48"
1254,Player-1254,"$5,523,036.21"
1255,Player-1255,"$33,910,854.35"
1256,Player-1256,"$3,540,624.60"
1257,Player-1257,"$13,345,985.62"
1258,Player-1258,"$37,735,935.31"
1259,Player-1259,"$38,295,213.55"
1260,Player-1260,"$44,053,624.52"
1261,Player-1261,"$20,905,812.81"
1262,Player-1262,"$44,930,106.53"
1263,Player-1263,"$34,246,061.65"
1264,Player-1264,"$43,398,608.36"
1265,Player-1265,"$42,294,154.53"
1266,Player-1266,"$30,283,856.23"
1267,Player-1267,"$45,119,364.42"
1268,Player-1268,"$16,579,836.46"
1269,Player-1269,"$523,875.35"
1270,Player-1270,"$47,830,954.38"
1271,Player-1271,"$16,746,284.78"
1272,Player-1272,"$38,275,578.81"
1273,Player-1273,"$19,512,440.37"
1274,Player-1274,"$12,303,546.86"
1275,Player-1275,"$37,105,981.19"
1276,Player-1276,"$42,007,575.90"
1277,Player-1277,"$13,480,308.19"
1278,Player-1278,"$46,877,762.08"
1279,Player-1279,"$20,748,340.71"
1280,Player-1280,"$35,138,004.33"
1281,Player-1281,"$33,025,617.15"
1282,Player-1282,"$44,766,493.40"
1283,Player-1283,"$14,678,269.39"
1284,Player-1284,"$29,343,994.88"
1285,Player-1285,"$15,950,735.53"
1286,Player-1286,"$31,053,611.58"
1287,Player-1287,"$11,995,282.45"
1288,Player-1288,"$20,547,673.31"
1289,Player-1289,"$39,030,173.76"
1290,Player-1290,"$33,692,501.05"
1291,Player-1291,"$18,070,317.99"
1292,Player-1292,"$15,102,017.17"
1293,Player-1293,"$46,607,010.98"
1294,Player-1294,"$4,844,497.43"
1295,Player-1295,"$27,028,165.82"
1296,Player-1296,"$5,114,880.39"
1297,Player-1297,"$6,285,438.65"
1298,Player-1298,"$29,039,080.91"
1299,Player-1299,"$14,329,843.26"
1300,Player-1300,"$18,846,175.62"
1301,Player-1301,"$8,503,986.21"
1302,Player-1302,"$39,392,548.96"
1303,Player-1303,"$14,770,183.94"
1304,Player-1304,"$37,738,845.64"
1305,Player-1305,"$44,330,337.74"
1306,Player-1306,"$2,659,036.29"
1307,Player-1307,"$23,220,689.09"
1308,Player-1308,"$6,239,814.76"
1309,Player-1309,"$33,727,518.20"
1310,Player-1310,"$24,687,360.83"
1311,Player-1311,"$19,274,159.61"
1312,Player-1312,"$39,976,466.95"
1313,Player-1313,"$46,471,224.34"
1314,Player-1314,"$40,524,136.34"
1315,Player-1315,"$19,876,668.55"
1316,Player-1316,"$16,886,698.74"
1317,Player-1317,"$26,066,514.97"
1318,Player-1318,"$27,535,768.04"
1319,Player-1319,"$34,709,203.24"
1320,Player-1320,"$27,659,307.52"
1321,Player-1321,"$41,149,627.63"
1322,Player-1322,"$3,343,009.13"
1323,Player-1323,"$47,601,299.02"
1324,Player-1324,"$6,669,999.29"
1325,Player-1325,"$235,749.30"
1326,Player-1326,"$25,928,392.61"
1327,Player-1327,"$21,134,295.32"
1328,Player-1328,"$11,237,056.77"
1329,Player-1329,"$4,834,550.99"
1330,Player-1330,"$8,981,336.00"
1331,Player-1331,"$7,852,133.42"
1332,Player-1332,"$41,072,069.15"
1333,Player-1333,"$22,244,214.37"
1334,Player-1334,"$47,699,656.62"
1335,Player-1335,"$38,988,259.03"
1336,Player-1336,"$28,873,863.03"
1337,Player-1337,"$32,921,585.43"
1338,Player-1338,"$47,635,939.27"
1339,Player-1339,"$16,977,679.38"
1340,Player-1340,"$48,208,723.96"
1341,Player-1341,"$32,456,546.32"
1342,Player-1342,"$2,641,110.82"
1343,Player-1343,"$17,953,948.14"
1344,Player-1344,"$10,357,991.98"
1345,Player-1345,"$3,317,037.01"
1346,Player-1346,"$39,548,929.24"
1347,Player-1347,"$29,337,835.95"
1348,Player-1348,"$18,006,099.07"
1349,Player-1349,"$27,311,641.93"
1350,Player-1350,"$278,059.62"
1351,Player-1351,"$24,358,698.13"
1352,Player-1352,"$21,213,047.94"
1353,Player-1353,"$2,386,173.41"
1354,Player-1354,"$34,076,874.74"
1355,Player-1355,"$10,170,721.72"
1356,Player-1356,"$9,888,437.98"
1357,Player-1357,"$23,652,829.60"
1358,Player-1358,"$4,723,886.27"
1359,Player-1359,"$28,128,215.76"
1360,Player-1360,"$26,831,978.74"
1361,Player-1361,"$18,287,575.00"
1362,Player-1362,"$30,172,176.52"
1363,Player-1363,"$23,516,137.46"
1364,Player-1364,"$36,032,313.89"
1365,Player-1365,"$19,014,029.33"
1366,Player-1366,"$10,770,756.10"
1367,Player-1367,"$4,559,994.79"
1368,Player-1368,"$43,926,930.55"
1369,Player-1369,"$26,382,403.58"
1370,Player-1370,"$13,392,038.65"
1371,Player-1371,"$8,326,031.07"
1372,Player-1372,"$40,704,658.69"
1373,Player-1373,"$30,197,485.04"
1374,Player-1374,"$23,254,096.58"
1375,Player-1375,"$268,341.40"
1376,Player-1376,"$31,525,197.14"
1377,Player-1377,"$20,904,156.36"
1378,Player-1378,"$35,453,122.55"
1379,Player-1379,"$27,191,701.32"
1380,Player-1380,"$16,119,677.28"
1381,Player-1381,"$38,012,307.77"
1382,Player-1382,"$13,550,213.50"
1383,Player-1383,"$10,292,813.01"
1384,Player-1384,"$25,413,263.88"
1385,Player-1385,"$18,287,754.28"
1386,Player-1386,"$40,782,036.05"
