name,salary,salary_clean
Player-0,"$13,545,293.20",13545293.2
Player-1,"$27,642,642.39",27642642.39
Player-2,"$28,806,178.92",28806178.92
Player-3,"$48,396,059.85",48396059.85
Player-4,"$25,222,927.01",25222927.01
Player-5,"$28,012,742.10",28012742.1
Player-6,"$49,533,458.13",49533458.13
Player-7,"$3,837,443.00",3837443.0
Player-8,"$27,366,875.36",27366875.36
Player-9,"$36,096,946.95",36096946.95
Player-10,"$23,246,164.82",23246164.82
Player-11,"$22,912,349.63",22912349.63
Player-12,"$24,402,457.31",24402457.31
Player-13,"$22,299,909.08",22299909.08
Player-14,"$2,440,632.57",2440632.57
Player-15,"$41,907,162.65",41907162.65
Player-16,"$13,135,958.78",13135958.78
Player-17,"$30,982,425.23",30982425.23
Player-18,"$2,430,023.51",2430023.51
Player-19,"$6,456,145.50",6456145.5
Player-20,"$12,339,822.01",12339822.01
Player-21,"$10,819,096.74",10819096.74
Player-22,"$12,380,456.62",12380456.62
Player-23,"$30,622,414.62",30622414.62
Player-24,"$8,427,357.74",8427357.74
Player-25,"$26,376,244.50",26376244.5
Player-26,"$26,589,105.38",26589105.38
Player-27,"$46,323,945.48",46323945.48
Player-28,"$37,645,704.46",37645704.46
Player-29,"$40,917,252.45",40917252.45
Player-30,"$29,460,383.79",29460383.79
Player-31,"$34,934,083.08",34934083.08
Player-32,"$49,624,467.28",49624467.28
Player-33,"$21,784,263.10",21784263.1
Player-34,"$13,195,371.13",13195371.13
Player-35,"$18,436,456.61",18436456.61
Player-36,"$27,840,184.46",27840184.46
Player-37,"$14,056,882.21",14056882.21
Player-38,"$36,602,155.20",36602155.2
Player-39,"$2,614,483.91",2614483.91
Player-40,"$7,149,617.17",7149617.17
Player-41,"$42,851,260.55",42851260.55
Player-42,"$26,317,234.38",26317234.38
Player-43,"$13,066,092.46",13066092.46
Player-44,"$10,493,395.51",10493395.51
Player-45,"$17,808,096.00",17808096.0
Player-46,"$19,544,239.89",19544239.89
Player-47,"$678,029.02",678029.02
Player-48,"$38,961,414.56",38961414.56
Player-49,"$13,792,609.97",13792609.97
Player-50,"$48,339,448.21",48339448.21
Player-51,"$45,203,048.72",45203048.72
Player-52,"$1,814,819.55",1814819.55
Player-53,"$31,296,985.10",31296985.1
Player-54,"$44,470,640.56",44470640.56
Player-55,"$33,191,296.73",33191296.73
Player-56,"$10,087,069.68",10087069.68
Player-57,"$23,022,942.57",23022942.57
Player-58,"$17,586,792.55",17586792.55
Player-59,"$45,744,679.78",45744679.78
Player-60,"$48,730,031.62",48730031.62
Player-61,"$275,028.29",275028.29
Player-62,"$29,842,971.74",29842971.74
Player-63,"$7,773,670.00",7773670.0
Player-64,"$36,374,383.32",36374383.32
Player-65,"$32,691,930.49",32691930.49
Player-66,"$11,197,178.72",11197178.72
Player-67,"$35,307,225.25",35307225.25
Player-68,"$11,380,565.75",11380565.75
Player-69,"$31,098,568.13",31098568.13
Player-70,"$48,455,229.36",48455229.36
Player-71,"$32,184,884.96",32184884.96
Player-72,"$707,660.78",707660.78
Player-73,"$23,389,766.95",23389766.95
Player-74,"$1,954,422.42",1954422.42
Player-75,"$13,031,361.51",13031361.51
Player-76,"$26,653,057.13",26653057.13
Player-77,"$22,674,984.47",22674984.47
Player-78,"$40,408,986.04",40408986.04
Player-79,"$3,435,444.33",3435444.33
Player-80,"$14,990,096.40",14990096.4
Player-81,"$44,608,809.20",44608809.2
Player-82,"$25,732,727.53",25732727.53
Player-83,"$27,189,109.08",27189109.08
Player-84,"$18,370,066.35",18370066.35
Player-85,"$21,049,107.52",21049107.52
Player-86,"$41,810,361.47",41810361.47
Player-87,"$18,587,319.28",18587319.28
Player-88,"$46,426,404.77",46426404.77
Player-89,"$42,516,594.40",42516594.4
Player-90,"$28,930,596.80",28930596.8
Player-91,"$18,959,308.49",18959308.49
Player-92,"$46,431,741.36",46431741.36
Player-93,"$31,186,579.06",31186579.06
Player-94,"$14,017,700.46",14017700.46
Player-95,"$20,087,805.84",20087805.84
Player-96,"$42,102,111.27",42102111.27
Player-97,"$30,638,276.46",30638276.46
Player-98,"$44,649,023.41",44649023.41
Player-99,"$30,132,636.66",30132636.66
Player-100,"$33,768,387.29",33768387.29
Player-101,"$43,360,941.18",43360941.18
Player-102,"$38,244,110.89",38244110.89
Player-103,"$2,923,480.30",2923480.3
Player-104,"$9,916,669.36",9916669.36
Player-105,"$43,832,070.51",43832070.51
Player-106,"$47,293,078.32",47293078.32
Player-107,"$26,818,269.82",26818269.82
Player-108,"$31,470,428.47",31470428.47
Player-109,"$17,618,865.61",17618865.61
Player-110,"$47,066,651.96",47066651.96
Player-111,"$26,224,349.15",26224349.15
Player-112,"$4,891,347.96",4891347.96
Player-113,"$7,163,415.09",7163415.09
Player-114,"$15,886,030.87",15886030.87
Player-115,"$42,158,642.10",42158642.1
Player-116,"$48,178,222.20",48178222.2
Player-117,"$7,456,766.74",7456766.74
Player-118,"$18,868,827.03",18868827.03
Player-119,"$19,159,250.90",19159250.9
Player-120,"$13,022,109.08",13022109.08
Player-121,"$5,264,630.11",5264630.11
Player-122,"$8,232,444.58",8232444.58
Player-123,"$6,793,785.15",6793785.15
Player-124,"$30,452,034.33",30452034.33
Player-125,"$48,349,118.75",48349118.75
Player-126,"$9,653,374.32",9653374.32
Player-127,"$5,617,312.98",5617312.98
Player-128,"$21,863,995.05",21863995.05
Player-129,"$11,312,650.44",11312650.44
Player-130,"$44,957,657.68",44957657.68
Player-131,"$46,514,600.44",46514600.44
Player-132,"$23,348,799.45",23348799.45
Player-133,"$32,911,488.39",32911488.39
Player-134,"$49,351,533.10",49351533.1
Player-135,"$22,183,482.27",22183482.27
Player-136,"$38,557,912.72",38557912.72
Player-137,"$25,068,069.87",25068069.87
Player-138,"$17,387,890.39",17387890.39
Player-139,"$25,664,142.66",25664142.66
Player-140,"$12,254,946.54",12254946.54
Player-141,"$40,873,164.17",40873164.17
Player-142,"$4,808,897.97",4808897.97
Player-143,"$39,174,124.69",39174124.69
Player-144,"$28,162,113.54",28162113.54
Player-145,"$36,365,912.59",36365912.59
Player-146,"$8,234,717.89",8234717.89
Player-147,"$37,269,727.55",37269727.55
Player-148,"$18,530,608.24",18530608.24
Player-149,"$29,404,128.14",29404128.14
Player-150,"$43,858,465.21",43858465.21
Player-151,"$10,744,423.71",10744423.71
Player-152,"$36,261,984.63",36261984.63
Player-153,"$10,130,032.70",10130032.7
Player-154,"$1,666,130.53",1666130.53
Player-155,"$14,125,104.69",14125104.69
Player-156,"$23,347,020.01",23347020.01
Player-157,"$728,922.76",728922.76
Player-158,"$13,130,621.05",13130621.05
Player-159,"$14,164,770.92",14164770.92
Player-160,"$582,974.50",582974.5
Player-161,"$9,654,652.02",9654652.02
Player-162,"$12,800,384.92",12800384.92
Player-163,"$41,796,432.69",41796432.69
Player-164,"$47,385,463.02",47385463.02
Player-165,"$18,689,599.95",18689599.95
Player-166,"$16,666,103.72",16666103.72
Player-167,"$8,700,925.08",8700925.08
Player-168,"$20,591,884.14",20591884.14
Player-169,"$46,859,186.90",46859186.9
Player-170,"$38,672,734.05",38672734.05
Player-171,"$14,710,401.11",14710401.11
Player-172,"$14,335,640.14",14335640.14
Player-173,"$11,865,268.98",11865268.98
Player-174,"$26,027,028.59",26027028.59
Player-175,"$11,234,921.03",11234921.03
Player-176,"$2,075,707.36",2075707.36
Player-177,"$23,907,823.27",23907823.27
Player-178,"$5,645,733.03",5645733.03
Player-179,"$22,690,830.68",22690830.68
Player-180,"$47,516,811.86",47516811.86
Player-181,"$49,268,569.52",49268569.52
Player-182,"$7,707,211.57",7707211.57
Player-183,"$43,361,983.82",43361983.82
Player-184,"$29,419,250.77",29419250.77
Player-185,"$44,038,937.41",44038937.41
Player-186,"$17,073,012.84",17073012.84
Player-187,"$22,011,367.85",22011367.85
Player-188,"$3,121,972.48",3121972.48
Player-189,"$17,884,923.10",17884923.1
Player-190,"$11,687,829.12",11687829.12
Player-191,"$15,361,931.47",15361931.47
Player-192,"$22,507,986.75",22507986.75
Player-193,"$6,391,218.65",6391218.65
Player-194,"$47,946,464.10",47946464.1
Player-195,"$42,904,621.40",42904621.4
Player-196,"$22,184,486.31",22184486.31
Player-197,"$21,011,163.35",21011163.35
Player-198,"$20,379,911.64",20379911.64
Player-199,"$1,224,043.63",1224043.63
Player-200,"$7,622,407.65",7622407.65
Player-201,"$41,801,682.17",41801682.17
Player-202,"$48,133,629.62",48133629.62
Player-203,"$27,930,928.73",27930928.73
Player-204,"$23,423,405.02",23423405.02
Player-205,"$23,639,856.83",23639856.83
Player-206,"$2,816,002.79",2816002.79
Player-207,"$30,302,768.69",30302768.69
Player-208,"$9,639,060.48",9639060.48
Player-209,"$4,406,739.65",4406739.65
Player-210,"$17,985,343.44",17985343.44
Player-211,"$33,584,902.64",33584902.64
Player-212,"$38,297,880.79",38297880.79
Player-213,"$33,031,484.71",33031484.71
Player-214,"$35,501,894.72",35501894.72
Player-215,"$44,125,632.01",44125632.01
Player-216,"$12,977,214.42",12977214.42
Player-217,"$46,083,980.11",46083980.11
Player-218,"$19,996,163.96",19996163.96
Player-219,"$3,339,667.47",3339667.47
Player-220,"$10,476,897.83",10476897.83
Player-221,"$13,585,584.87",13585584.87
Player-222,"$11,298,913.30",11298913.3
Player-223,"$1,483,310.88",1483310.88
Player-224,"$44,385,812.58",44385812.58
Player-225,"$33,062,215.53",33062215.53
Player-226,"$21,176,137.00",21176137.0
Player-227,"$18,666,245.36",18666245.36
Player-228,"$24,578,916.25",24578916.25
Player-229,"$9,055,449.20",9055449.2
Player-230,"$1,403,586.51",1403586.51
Player-231,"$26,569,138.66",26569138.66
Player-232,"$20,773,664.97",20773664.97
Player-233,"$43,735,928.99",43735928.99
Player-234,"$22,673,288.44",22673288.44
Player-235,"$44,415,046.43",44415046.43
Player-236,"$36,550,090.13",36550090.13
Player-237,"$1,551,742.19",1551742.19
Player-238,"$38,381,063.42",38381063.42
Player-239,"$31,253,083.37",31253083.37
Player-240,"$37,478,454.54",37478454.54
Player-241,"$3,791,888.07",3791888.07
Player-242,"$11,045,919.98",11045919.98
Player-243,"$33,526,666.87",33526666.87
Player-244,"$5,871,235.03",5871235.03
Player-245,"$36,812,820.57",36812820.57
Player-246,"$26,091,465.85",26091465.85
Player-247,"$4,202,049.13",4202049.13
Player-248,"$5,277,812.82",5277812.82
Player-249,"$33,068,504.99",33068504.99
Player-250,"$44,318,770.66",44318770.66
Player-251,"$49,591,712.72",49591712.72
Player-252,"$8,883,052.58",8883052.58
Player-253,"$41,183,801.99",41183801.99
Player-254,"$42,697,224.75",42697224.75
Player-255,"$8,526,684.96",8526684.96
Player-256,"$36,497,431.04",36497431.04
Player-257,"$2,032,399.96",2032399.96
Player-258,"$5,908,140.33",5908140.33
Player-259,"$21,007,370.02",21007370.02
Player-260,"$15,558,212.36",15558212.36
Player-261,"$18,834,335.59",18834335.59
Player-262,"$39,587,987.42",39587987.42
Player-263,"$30,452,249.02",30452249.02
Player-264,"$43,951,750.55",43951750.55
Player-265,"$12,584,803.41",12584803.41
Player-266,"$30,377,856.17",30377856.17
Player-267,"$8,397,187.12",8397187.12
Player-268,"$45,101,145.74",45101145.74
Player-269,"$5,687,785.05",5687785.05
Player-270,"$49,576,440.55",49576440.55
Player-271,"$15,519,046.52",15519046.52
Player-272,"$26,001,098.07",26001098.07
Player-273,"$31,842,408.50",31842408.5
Player-274,"$34,069,217.15",34069217.15
Player-275,"$31,267,048.08",31267048.08
Player-276,"$47,240,929.70",47240929.7
Player-277,"$49,187,448.93",49187448.93
Player-278,"$32,509,216.53",32509216.53
Player-279,"$42,394,021.95",42394021.95
Player-280,"$12,358,967.47",12358967.47
Player-281,"$36,367,212.97",36367212.97
Player-282,"$36,323,163.16",36323163.16
Player-283,"$25,278,399.92",25278399.92
Player-284,"$26,845,910.89",26845910.89
Player-285,"$45,620,100.70",45620100.7
Player-286,"$4,129,565.90",4129565.9
Player-287,"$6,583,800.03",6583800.03
Player-288,"$15,296,992.97",15296992.97
Player-289,"$28,308,815.51",28308815.51
Player-290,"$36,374,185.60",36374185.6
Player-291,"$47,804,947.44",47804947.44
Player-292,"$27,806,996.62",27806996.62
Player-293,"$37,294,553.94",37294553.94
Player-294,"$31,086,092.40",31086092.4
Player-295,"$17,263,199.83",17263199.83
Player-296,"$46,008,002.68",46008002.68
Player-297,"$1,894,045.97",1894045.97
Player-298,"$29,067,975.15",29067975.15
Player-299,"$27,044,799.09",27044799.09
Player-300,"$1,754,945.01",1754945.01
Player-301,"$29,615,254.89",29615254.89
Player-302,"$49,913,028.51",49913028.51
Player-303,"$22,550,405.00",22550405.0
Player-304,"$34,954,446.34",34954446.34
Player-305,"$5,678,737.29",5678737.29
Player-306,"$36,965,452.22",36965452.22
Player-307,"$14,164,514.19",14164514.19
Player-308,"$6,973,880.65",6973880.65
Player-309,"$37,233,271.29",37233271.29
Player-310,"$25,340,209.01",25340209.01
Player-311,"$35,550,333.66",35550333.66
Player-312,"$18,980,732.39",18980732.39
Player-313,"$7,986,622.70",7986622.7
Player-314,"$16,778,115.89",16778115.89
Player-315,"$23,599,823.55",23599823.55
Player-316,"$35,067,147.27",35067147.27
Player-317,"$10,954,448.24",10954448.24
Player-318,"$9,733,176.89",9733176.89
Player-319,"$7,333,057.05",7333057.05
Player-320,"$48,482,831.86",48482831.86
Player-321,"$43,167,441.20",43167441.2
Player-322,"$18,586,410.73",18586410.73
Player-323,"$28,774,236.16",28774236.16
Player-324,"$2,203,908.89",2203908.89
Player-325,"$9,003,139.60",9003139.6
Player-326,"$41,297,333.81",41297333.81
Player-327,"$21,500,815.83",21500815.83
Player-328,"$5,324,680.41",5324680.41
Player-329,"$6,601,295.00",6601295.0
Player-330,"$17,015,848.87",17015848.87
Player-331,"$43,116,566.41",43116566.41
Player-332,"$43,699,451.02",43699451.02
Player-333,"$18,845,378.36",18845378.36
Player-334,"$43,987,973.65",43987973.65
Player-335,"$26,633,432.62",26633432.62
Player-336,"$46,848,188.40",46848188.4
Player-337,"$49,950,704.44",49950704.44
Player-338,"$14,595,492.72",14595492.72
Player-339,"$42,971,506.59",42971506.59
Player-340,"$20,824,771.57",20824771.57
Player-341,"$26,514,931.08",26514931.08
Player-342,"$31,269,340.95",31269340.95
Player-343,"$47,573,514.15",47573514.15
Player-344,"$35,860,438.76",35860438.76
Player-345,"$15,146,834.06",15146834.06
Player-346,"$46,837,325.08",46837325.08
Player-347,"$8,331,535.33",8331535.33
Player-348,"$46,865,166.61",46865166.61
Player-349,"$38,698,013.55",38698013.55
Player-350,"$44,188,198.74",44188198.74
Player-351,"$20,166,390.37",20166390.37
Player-352,"$40,973,249.51",40973249.51
Player-353,"$39,612,395.57",39612395.57
Player-354,"$12,279,165.76",12279165.76
Player-355,"$8,027,516.48",8027516.48
Player-356,"$40,009,829.34",40009829.34
Player-357,"$8,589,465.51",8589465.51
Player-358,"$18,741,718.08",18741718.08
Player-359,"$19,604,597.81",19604597.81
Player-360,"$9,442,270.63",9442270.63
Player-361,"$31,484,549.16",31484549.16
Player-362,"$38,541,777.49",38541777.49
Player-363,"$29,592,179.36",29592179.36
Player-364,"$23,319,920.36",23319920.36
Player-365,"$44,845,949.89",44845949.89
Player-366,"$8,315,279.72",8315279.72
Player-367,"$4,284,315.85",4284315.85
Player-368,"$29,931,656.26",29931656.26
Player-369,"$49,955,759.66",49955759.66
Player-370,"$36,369,525.68",36369525.68
Player-371,"$17,567,821.00",17567821.0
Player-372,"$21,584,302.95",21584302.95
Player-373,"$18,771,119.21",18771119.21
Player-374,"$27,546,812.14",27546812.14
Player-375,"$26,784,253.01",26784253.01
Player-376,"$9,908,365.95",9908365.95
Player-377,"$33,658,849.23",33658849.23
Player-378,"$14,426,802.01",14426802.01
Player-379,"$18,102,451.53",18102451.53
Player-380,"$43,982,613.93",43982613.93
Player-381,"$35,120,513.34",35120513.34
Player-382,"$31,044,870.63",31044870.63
Player-383,"$45,980,939.95",45980939.95
Player-384,"$5,720,806.29",5720806.29
Player-385,"$9,249,870.09",9249870.09
Player-386,"$40,198,952.64",40198952.64
Player-387,"$44,888,460.58",44888460.58
Player-388,"$18,264,510.40",18264510.4
Player-389,"$5,101,133.93",5101133.93
Player-390,"$17,239,491.45",17239491.45
Player-391,"$10,284,940.71",10284940.71
Player-392,"$6,140,034.95",6140034.95
Player-393,"$30,968,850.63",30968850.63
Player-394,"$41,102,621.93",41102621.93
Player-395,"$5,962,304.58",5962304.58
Player-396,"$45,187,353.33",45187353.33
Player-397,"$25,208,852.41",25208852.41
Player-398,"$13,543,656.04",13543656.04
Player-399,"$8,458,094.58",8458094.58
Player-400,"$11,332,251.77",11332251.77
Player-401,"$26,989,237.75",26989237.75
Player-402,"$10,538,611.80",10538611.8
Player-403,"$461,247.09",461247.09
Player-404,"$49,045,954.47",49045954.47
Player-405,"$22,977,458.40",22977458.4
Player-406,"$46,827,267.79",46827267.79
Player-407,"$4,898,233.31",4898233.31
Player-408,"$20,046,050.75",20046050.75
Player-409,"$34,972,103.53",34972103.53
Player-410,"$7,301,526.40",7301526.4
Player-411,"$34,295,750.19",34295750.19
Player-412,"$12,974,499.33",12974499.33
Player-413,"$15,223,448.22",15223448.22
Player-414,"$46,924,881.68",46924881.68
Player-415,"$46,129,763.97",46129763.97
Player-416,"$35,952,547.78",35952547.78
Player-417,"$12,540,841.51",12540841.51
Player-418,"$33,162,299.89",33162299.89
Player-419,"$35,406,126.88",35406126.88
Player-420,"$40,450,501.97",40450501.97
Player-421,"$24,790,601.03",24790601.03
Player-422,"$37,368,107.81",37368107.81
Player-423,"$34,273,171.74",34273171.74
Player-424,"$44,283,252.22",44283252.22
Player-425,"$2,380,419.60",2380419.6
Player-426,"$38,347,314.33",38347314.33
Player-427,"$34,611,362.74",34611362.74
Player-428,"$46,727,415.16",46727415.16
Player-429,"$25,473,925.27",25473925.27
Player-430,"$25,886,027.52",25886027.52
Player-431,"$46,674,031.69",46674031.69
Player-432,"$2,330,394.04",2330394.04
Player-433,"$9,224,785.58",9224785.58
Player-434,"$44,824,356.33",44824356.33
Player-435,"$34,045,685.48",34045685.48
Player-436,"$32,112,099.07",32112099.07
Player-437,"$31,089,914.79",31089914.79
Player-438,"$6,658,793.12",6658793.12
Player-439,"$21,713,612.74",21713612.74
Player-440,"$48,839,870.50",48839870.5
Player-441,"$8,941,095.76",8941095.76
Player-442,"$16,767,677.12",16767677.12
Player-443,"$16,788,985.91",16788985.91
Player-444,"$9,410,411.46",9410411.46
Player-445,"$33,102,267.63",33102267.63
Player-446,"$7,387,970.34",7387970.34
Player-447,"$28,765,702.25",28765702.25
Player-448,"$38,816,509.18",38816509.18
Player-449,"$17,450,947.52",17450947.52
Player-450,"$42,581,613.83",42581613.83
Player-451,"$39,059,404.62",39059404.62
Player-452,"$37,359,222.12",37359222.12
Player-453,"$23,610,087.62",23610087.62
Player-454,"$21,834,967.72",21834967.72
Player-455,"$21,607,673.95",21607673.95
Player-456,"$12,389,084.61",12389084.61
Player-457,"$46,068,818.47",46068818.47
Player-458,"$4,259,444.15",4259444.15
Player-459,"$36,749,582.15",36749582.15
Player-460,"$37,378,727.08",37378727.08
Player-461,"$7,837,025.53",7837025.53
Player-462,"$35,831,667.26",35831667.26
Player-463,"$43,923,311.29",43923311.29
Player-464,"$31,869,551.50",31869551.5
Player-465,"$19,223,913.07",19223913.07
Player-466,"$6,389,725.06",6389725.06
Player-467,"$45,202,893.15",45202893.15
Player-468,"$42,161,282.47",42161282.47
Player-469,"$31,769,222.76",31769222.76
Player-470,"$1,093,808.91",1093808.91
Player-471,"$36,738,751.34",36738751.34
Player-472,"$36,852,432.28",36852432.28
Player-473,"$36,656,449.83",36656449.83
Player-474,"$22,189,988.41",22189988.41
Player-475,"$16,277,609.33",16277609.33
Player-476,"$28,439,450.12",28439450.12
Player-477,"$31,449,241.15",31449241.15
Player-478,"$39,733,023.59",39733023.59
Player-479,"$49,272,018.45",49272018.45
Player-480,"$26,158,748.23",26158748.23
Player-481,"$21,602,096.19",21602096.19
Player-482,"$26,176,446.92",26176446.92
Player-483,"$26,987,260.78",26987260.78
Player-484,"$38,141,003.55",38141003.55
Player-485,"$42,722,723.34",42722723.34
Player-486,"$1,975,657.00",1975657.0
Player-487,"$5,348,069.86",5348069.86
Player-488,"$18,944,971.08",18944971.08
Player-489,"$18,035,727.88",18035727.88
Player-490,"$38,861,230.93",38861230.93
Player-491,"$43,276,085.00",43276085.0
Player-492,"$8,010,585.71",8010585.71
Player-493,"$28,070,918.31",28070918.31
Player-494,"$45,862,857.50",45862857.5
Player-495,"$11,823,252.85",11823252.85
Player-496,"$26,637,428.38",26637428.38
Player-497,"$39,928,102.63",39928102.63
Player-498,"$40,722,232.19",40722232.19
Player-499,"$28,043,611.70",28043611.7
Player-500,"$9,134,121.96",9134121.96
Player-501,"$5,607,998.38",5607998.38
Player-502,"$22,603,847.82",22603847.82
Player-503,"$29,075,322.65",29075322.65
Player-504,"$31,092,402.67",31092402.67
Player-505,"$6,076,556.75",6076556.75
Player-506,"$11,555,434.58",11555434.58
Player-507,"$859,522.52",859522.52
Player-508,"$48,594,198.17",48594198.17
Player-509,"$11,128,731.68",11128731.68
Player-510,"$16,706,112.45",16706112.45
Player-511,"$10,959,989.01",10959989.01
Player-512,"$17,278,751.78",17278751.78
Player-513,"$43,183,247.54",43183247.54
Player-514,"$20,791,265.52",20791265.52
Player-515,"$38,314,575.05",38314575.05
Player-516,"$1,915,644.60",1915644.6
Player-517,"$13,350,815.51",13350815.51
Player-518,"$26,388,825.23",26388825.23
Player-519,"$35,365,420.14",35365420.14
Player-520,"$24,222,694.71",24222694.71
Player-521,"$44,355,856.15",44355856.15
Player-522,"$39,811,527.98",39811527.98
Player-523,"$20,695,554.78",20695554.78
Player-524,"$40,047,613.08",40047613.08
Player-525,"$48,137,366.42",48137366.42
Player-526,"$33,034,382.09",33034382.09
Player-527,"$34,155,103.27",34155103.27
Player-528,"$36,777,517.32",36777517.32
Player-529,"$4,627,903.55",4627903.55
Player-530,"$10,778,152.73",10778152.73
Player-531,"$20,127,028.16",20127028.16
Player-532,"$32,450,953.59",32450953.59
Player-533,"$33,092,032.20",33092032.2
Player-534,"$14,763,653.61",14763653.61
Player-535,"$30,094,393.40",30094393.4
Player-536,"$21,109,202.54",21109202.54
Player-537,"$7,723,270.35",7723270.35
Player-538,"$43,457,509.01",43457509.01
Player-539,"$14,733,540.43",14733540.43
Player-540,"$4,998,223.52",4998223.52
Player-541,"$6,630,992.12",6630992.12
Player-542,"$3,628,646.58",3628646.58
Player-543,"$7,281,892.50",7281892.5
Player-544,"$14,553,987.93",14553987.93
Player-545,"$36,373,610.23",36373610.23
Player-546,"$29,252,232.95",29252232.95
Player-547,"$35,126,601.65",35126601.65
Player-548,"$27,124,613.25",27124613.25
Player-549,"$33,321,533.44",33321533.44
Player-550,"$30,757,475.74",30757475.74
Player-551,"$5,660,833.11",5660833.11
Player-552,"$42,269,816.94",42269816.94
Player-553,"$9,590,543.54",9590543.54
Player-554,"$36,667,315.16",36667315.16
Player-555,"$37,205,360.87",37205360.87
Player-556,"$33,831,872.66",33831872.66
Player-557,"$30,450,291.16",30450291.16
Player-558,"$321,417.86",321417.86
Player-559,"$11,023,920.32",11023920.32
Player-560,"$16,494,428.49",16494428.49
Player-561,"$42,221,660.70",42221660.7
Player-562,"$16,992,090.85",16992090.85
Player-563,"$5,301,222.02",5301222.02
Player-564,"$13,882,632.75",13882632.75
Player-565,"$8,264,394.85",8264394.85
Player-566,"$44,218,307.62",44218307.62
Player-567,"$6,420,133.26",6420133.26
Player-568,"$28,581,993.63",28581993.63
Player-569,"$21,456,185.48",21456185.48
Player-570,"$22,654,348.51",22654348.51
Player-571,"$44,728,505.44",44728505.44
Player-572,"$40,421,657.59",40421657.59
Player-573,"$8,424,518.47",8424518.47
Player-574,"$28,939,503.92",28939503.92
Player-575,"$29,962,502.66",29962502.66
Player-576,"$48,690,893.94",48690893.94
Player-577,"$16,003,634.91",16003634.91
Player-578,"$19,575,245.49",19575245.49
Player-579,"$46,105,458.68",46105458.68
Player-580,"$21,814,773.00",21814773.0
Player-581,"$24,894,098.94",24894098.94
Player-582,"$29,979,143.63",29979143.63
Player-583,"$38,309,019.34",38309019.34
Player-584,"$16,620,451.14",16620451.14
Player-585,"$22,919,900.27",22919900.27
Player-586,"$49,304,466.49",49304466.49
Player-587,"$49,629,752.57",49629752.57
Player-588,"$20,394,856.89",20394856.89
Player-589,"$17,140,290.22",17140290.22
Player-590,"$43,412,132.32",43412132.32
Player-591,"$20,878,083.74",20878083.74
Player-592,"$47,191,455.26",47191455.26
Player-593,"$270,297.85",270297.85
Player-594,"$35,041,289.65",35041289.65
Player-595,"$46,655,901.87",46655901.87
Player-596,"$5,727,262.54",5727262.54
Player-597,"$12,343,769.07",12343769.07
Player-598,"$17,315,395.98",17315395.98
Player-599,"$48,073,734.38",48073734.38
Player-600,"$18,548,606.15",18548606.15
Player-601,"$34,618,614.17",34618614.17
Player-602,"$13,126,507.82",13126507.82
Player-603,"$8,448,801.13",8448801.13
Player-604,"$32,256,605.21",32256605.21
Player-605,"$49,905,085.94",49905085.94
Player-606,"$21,607,444.11",21607444.11
Player-607,"$7,664,612.78",7664612.78
Player-608,"$12,521,534.23",12521534.23
Player-609,"$7,156,162.62",7156162.62
Player-610,"$46,918,719.28",46918719.28
Player-611,"$1,109,018.95",1109018.95
Player-612,"$30,408,623.44",30408623.44
Player-613,"$31,822,797.92",31822797.92
Player-614,"$6,695,402.57",6695402.57
Player-615,"$17,162,581.95",17162581.95
Player-616,"$44,406,004.97",44406004.97
Player-617,"$19,197,027.22",19197027.22
Player-618,"$17,740,122.90",17740122.9
Player-619,"$23,685,792.39",23685792.39
Player-620,"$34,129,222.81",34129222.81
Player-621,"$4,206,134.91",4206134.91
Player-622,"$48,673,574.67",48673574.67
Player-623,"$32,282,445.46",32282445.46
Player-624,"$45,494,944.90",45494944.9
Player-625,"$10,361,090.05",10361090.05
Player-626,"$22,100,996.52",22100996.52
Player-627,"$15,338,839.43",15338839.43
Player-628,"$43,163,261.54",43163261.54
Player-629,"$39,862,192.40",39862192.4
Player-630,"$25,144,713.36",25144713.36
Player-631,"$31,748,633.63",31748633.63
Player-632,"$25,041,223.19",25041223.19
Player-633,"$13,203,781.88",13203781.88
Player-634,"$21,300,017.35",21300017.35
Player-635,"$5,966,094.47",5966094.47
Player-636,"$30,036,113.45",30036113.45
Player-637,"$19,582,848.45",19582848.45
Player-638,"$11,012,352.69",11012352.69
Player-639,"$12,780,495.38",12780495.38
Player-640,"$12,302,776.26",12302776.26
Player-641,"$14,332,356.22",14332356.22
Player-642,"$25,876,404.88",25876404.88
Player-643,"$43,436,376.65",43436376.65
Player-644,"$22,004,725.65",22004725.65
Player-645,"$13,865,738.45",13865738.45
Player-646,"$20,114,041.99",20114041.99
Player-647,"$26,108,028.52",26108028.52
Player-648,"$11,099,052.81",11099052.81
Player-649,"$31,551,851.53",31551851.53
Player-650,"$35,611,887.68",35611887.68
Player-651,"$35,191,075.27",35191075.27
Player-652,"$26,751,116.60",26751116.6
Player-653,"$20,627,443.02",20627443.02
Player-654,"$35,039,019.49",35039019.49
Player-655,"$18,533,067.32",18533067.32
Player-656,"$32,078,000.01",32078000.01
Player-657,"$17,866,785.01",17866785.01
Player-658,"$15,954,231.62",15954231.62
Player-659,"$41,451,177.34",41451177.34
Player-660,"$21,186,181.63",21186181.63
Player-661,"$6,685,404.15",6685404.15
Player-662,"$33,990,250.56",33990250.56
Player-663,"$31,280,158.01",31280158.01
Player-664,"$3,374,055.48",3374055.48
Player-665,"$32,217,621.48",32217621.48
Player-666,"$5,179,075.87",5179075.87
Player-667,"$11,741,763.86",11741763.86
Player-668,"$218,311.91",218311.91
Player-669,"$9,583,617.40",9583617.4
Player-670,"$2,669,313.74",2669313.74
Player-671,"$14,927,074.39",14927074.39
Player-672,"$24,550,268.10",24550268.1
Player-673,"$36,105,861.03",36105861.03
Player-674,"$37,107,789.07",37107789.07
Player-675,"$35,268,951.88",35268951.88
Player-676,"$11,437,885.47",11437885.47
Player-677,"$37,986,804.77",37986804.77
Player-678,"$7,512,887.83",7512887.83
Player-679,"$7,822,475.83",7822475.83
Player-680,"$2,320,076.25",2320076.25
Player-681,"$15,787,374.04",15787374.04
Player-682,"$46,276,420.08",46276420.08
Player-683,"$1,498,139.05",1498139.05
Player-684,"$35,717,989.66",35717989.66
Player-685,"$11,343,416.84",11343416.84
Player-686,"$6,147,995.67",6147995.67
Player-687,"$6,788,419.59",6788419.59
Player-688,"$37,510,424.61",37510424.61
Player-689,"$40,177,621.95",40177621.95
Player-690,"$17,043,418.03",17043418.03
Player-691,"$12,442,740.43",12442740.43
Player-692,"$20,499,744.90",20499744.9
Player-693,"$45,964,583.78",45964583.78
Player-694,"$19,321,127.26",19321127.26
Player-695,"$49,619,887.08",49619887.08
Player-696,"$18,895,483.66",18895483.66
Player-697,"$42,658,892.64",42658892.64
Player-698,"$32,006,287.20",32006287.2
Player-699,"$47,897,125.18",47897125.18
Player-700,"$3,833,286.18",3833286.18
Player-701,"$42,452,240.91",42452240.91
Player-702,"$37,424,957.63",37424957.63
Player-703,"$41,132,887.28",41132887.28
Player-704,"$31,970,494.71",31970494.71
Player-705,"$8,192,893.44",8192893.44
Player-706,"$39,000,159.89",39000159.89
Player-707,"$11,193,736.50",11193736.5
Player-708,"$27,550,196.65",27550196.65
Player-709,"$24,557,446.75",24557446.75
Player-710,"$30,491,106.02",30491106.02
Player-711,"$22,365,864.98",22365864.98
Player-712,"$11,186,034.66",11186034.66
Player-713,"$37,166,453.82",37166453.82
Player-714,"$33,807,830.16",33807830.16
Player-715,"$17,087,632.17",17087632.17
Player-716,"$2,875,477.73",2875477.73
Player-717,"$2,219,461.70",2219461.7
Player-718,"$31,593,983.38",31593983.38
Player-719,"$40,032,995.94",40032995.94
Player-720,"$22,462,271.86",22462271.86
Player-721,"$30,654,644.09",30654644.09
Player-722,"$33,012,375.16",33012375.16
Player-723,"$17,496,074.78",17496074.78
Player-724,"$32,784,410.44",32784410.44
Player-725,"$32,329,074.37",32329074.37
Player-726,"$21,017,372.31",21017372.31
Player-727,"$32,330,247.34",32330247.34
Player-728,"$23,808,981.46",23808981.46
Player-729,"$27,153,651.82",27153651.82
Player-730,"$5,178,644.45",5178644.45
Player-731,"$25,612,089.87",25612089.87
Player-732,"$24,189,471.27",24189471.27
Player-733,"$24,690,756.49",24690756.49
Player-734,"$31,553,288.96",31553288.96
Player-735,"$49,231,047.18",49231047.18
Player-736,"$22,800,362.28",22800362.28
Player-737,"$48,168,490.74",48168490.74
Player-738,"$722,081.90",722081.9
Player-739,"$45,827,837.65",45827837.65
Player-740,"$12,610,580.42",12610580.42
Player-741,"$1,919,801.40",1919801.4
Player-742,"$27,661,682.48",27661682.48
Player-743,"$30,568,575.29",30568575.29
Player-744,"$34,626,411.46",34626411.46
Player-745,"$30,381,593.33",30381593.33
Player-746,"$21,265,992.24",21265992.24
Player-747,"$27,602,765.23",27602765.23
Player-748,"$36,109,772.58",36109772.58
Player-749,"$5,426,715.05",5426715.05
Player-750,"$3,339,527.16",3339527.16
Player-751,"$49,855,484.24",49855484.24
Player-752,"$5,512,870.99",5512870.99
Player-753,"$39,173,173.71",39173173.71
Player-754,"$44,562,897.58",44562897.58
Player-755,"$35,216,181.86",35216181.86
Player-756,"$1,389,336.86",1389336.86
Player-757,"$27,410,391.09",27410391.09
Player-758,"$30,598,505.60",30598505.6
Player-759,"$36,357,108.92",36357108.92
Player-760,"$29,711,005.30",29711005.3
Player-761,"$34,758,751.79",34758751.79
Player-762,"$6,019,586.44",6019586.44
Player-763,"$46,313,499.26",46313499.26
Player-764,"$6,277,280.26",6277280.26
Player-765,"$21,740,998.98",21740998.98
Player-766,"$35,029,080.30",35029080.3
Player-767,"$8,620,907.40",8620907.4
Player-768,"$22,227,789.35",22227789.35
Player-769,"$35,623,570.26",35623570.26
Player-770,"$24,570,674.22",24570674.22
Player-771,"$25,269,914.97",25269914.97
Player-772,"$30,713,817.15",30713817.15
Player-773,"$48,483,760.61",48483760.61
Player-774,"$40,152,866.70",40152866.7
Player-775,"$19,291,803.43",19291803.43
Player-776,"$34,586,458.58",34586458.58
Player-777,"$18,746,471.95",18746471.95
Player-778,"$35,537,371.02",35537371.02
Player-779,"$47,597,729.48",47597729.48
Player-780,"$10,302,391.25",10302391.25
Player-781,"$31,723,504.49",31723504.49
Player-782,"$41,814,479.10",41814479.1
Player-783,"$39,375,563.85",39375563.85
Player-784,"$5,076,810.41",5076810.41
Player-785,"$16,461,923.56",16461923.56
Player-786,"$44,805,000.64",44805000.64
Player-787,"$29,249,616.83",29249616.83
Player-788,"$23,510,987.19",23510987.19
Player-789,"$3,406,410.60",3406410.6
Player-790,"$43,146,465.45",43146465.45
Player-791,"$25,784,427.58",25784427.58
Player-792,"$19,358,201.79",19358201.79
Player-793,"$5,227,685.96",5227685.96
Player-794,"$41,907,913.16",41907913.16
Player-795,"$47,579,529.03",47579529.03
Player-796,"$40,466,244.60",40466244.6
Player-797,"$27,379,753.25",27379753.25
Player-798,"$36,024,292.91",36024292.91
Player-799,"$8,638,722.07",8638722.07
Player-800,"$37,202,115.05",37202115.05
Player-801,"$41,064,042.31",41064042.31
Player-802,"$9,277,590.31",9277590.31
Player-803,"$14,951,384.87",14951384.87
Player-804,"$28,606,038.11",28606038.11
Player-805,"$8,147,941.07",8147941.07
Player-806,"$9,643,613.62",9643613.62
Player-807,"$11,138,322.78",11138322.78
Player-808,"$27,563,719.94",27563719.94
Player-809,"$42,434,092.92",42434092.92
Player-810,"$2,155,105.99",2155105.99
Player-811,"$17,510,266.88",17510266.88
Player-812,"$38,212,172.38",38212172.38
Player-813,"$16,888,453.99",16888453.99
Player-814,"$39,832,883.17",39832883.17
Player-815,"$14,710,556.53",14710556.53
Player-816,"$34,865,805.81",34865805.81
Player-817,"$8,165,273.98",8165273.98
Player-818,"$13,984,682.27",13984682.27
Player-819,"$26,413,472.61",26413472.61
Player-820,"$3,902,071.65",3902071.65
Player-821,"$29,755,116.61",29755116.61
Player-822,"$38,563,311.15",38563311.15
Player-823,"$20,885,976.12",20885976.12
Player-824,"$47,683,423.60",47683423.6
Player-825,"$1,452,264.39",1452264.39
Player-826,"$29,181,261.16",29181261.16
Player-827,"$47,901,717.15",47901717.15
Player-828,"$18,179,079.18",18179079.18
Player-829,"$40,800,701.36",40800701.36
Player-830,"$3,597,990.43",3597990.43
Player-831,"$49,809,129.39",49809129.39
Player-832,"$37,807,416.64",37807416.64
Player-833,"$7,437,436.26",7437436.26
Player-834,"$28,269,499.70",28269499.7
Player-835,"$47,837,551.76",47837551.76
Player-836,"$20,432,593.59",20432593.59
Player-837,"$21,964,769.71",21964769.71
Player-838,"$3,290,918.07",3290918.07
Player-839,"$10,234,394.05",10234394.05
Player-840,"$35,696,796.18",35696796.18
Player-841,"$37,598,435.72",37598435.72
Player-842,"$46,020,763.28",46020763.28
Player-843,"$42,266,999.47",42266999.47
Player-844,"$34,568,901.73",34568901.73
Player-845,"$30,803,585.78",30803585.78
Player-846,"$27,038,972.61",27038972.61
Player-847,"$8,844,673.50",8844673.5
Player-848,"$278,482.54",278482.54
Player-849,"$46,641,434.22",46641434.22
Player-850,"$29,702,236.97",29702236.97
Player-851,"$23,794,397.36",23794397.36
Player-852,"$24,608,643.49",24608643.49
Player-853,"$28,224,753.05",28224753.05
Player-854,"$8,972,442.58",8972442.58
Player-855,"$24,421,000.01",24421000.01
Player-856,"$11,268,531.51",11268531.51
Player-857,"$21,273,744.47",21273744.47
Player-858,"$6,217,779.63",6217779.63
Player-859,"$32,091,757.37",32091757.37
Player-860,"$13,856,505.49",13856505.49
Player-861,"$32,695,128.41",32695128.41
Player-862,"$47,680,249.01",47680249.01
Player-863,"$18,122,715.24",18122715.24
Player-864,"$29,624,262.40",29624262.4
Player-865,"$30,981,564.82",30981564.82
Player-866,"$47,022,794.81",47022794.81
Player-867,"$13,898,350.65",13898350.65
Player-868,"$32,479,637.56",32479637.56
Player-869,"$28,769,939.49",28769939.49
Player-870,"$34,347,338.95",34347338.95
Player-871,"$49,004,951.03",49004951.03
Player-872,"$31,548,607.66",31548607.66
Player-873,"$11,940,641.50",11940641.5
Player-874,"$20,632,439.14",20632439.14
Player-875,"$30,400,881.62",30400881.62
Player-876,"$14,585,549.92",14585549.92
Player-877,"$26,996,510.56",26996510.56
Player-878,"$46,665,048.17",46665048.17
Player-879,"$2,827,912.80",2827912.8
Player-880,"$28,381,781.78",28381781.78
Player-881,"$32,173,378.71",32173378.71
Player-882,"$8,331,754.67",8331754.67
Player-883,"$1,724,747.58",1724747.58
Player-884,"$2,555,823.76",2555823.76
Player-885,"$43,510,060.22",43510060.22
Player-886,"$31,448,661.06",31448661.06
Player-887,"$30,032,342.00",30032342.0
Player-888,"$12,991,689.78",12991689.78
Player-889,"$18,801,284.30",18801284.3
Player-890,"$42,991,714.16",42991714.16
Player-891,"$22,478,288.37",22478288.37
Player-892,"$24,104,264.15",24104264.15
Player-893,"$17,617,270.63",17617270.63
Player-894,"$33,974,395.40",33974395.4
Player-895,"$5,671,480.56",5671480.56
Player-896,"$23,606,109.02",23606109.02
Player-897,"$26,623,293.63",26623293.63
Player-898,"$17,207,562.84",17207562.84
Player-899,"$11,983,961.53",11983961.53
Player-900,"$13,760,261.23",13760261.23
Player-901,"$874,716.59",874716.59
Player-902,"$32,972,256.96",32972256.96
Player-903,"$28,408,454.98",28408454.98
Player-904,"$31,790,271.04",31790271.04
Player-905,"$12,921,893.82",12921893.82
Player-906,"$49,824,540.06",49824540.06
Player-907,"$17,070,360.98",17070360.98
Player-908,"$34,695,508.26",34695508.26
Player-909,"$33,998,875.62",33998875.62
Player-910,"$12,537,087.98",12537087.98
Player-911,"$29,823,850.49",29823850.49
Player-912,"$42,788,343.90",42788343.9
Player-913,"$49,399,405.87",49399405.87
Player-914,"$46,270,395.66",46270395.66
Player-915,"$18,586,435.75",18586435.75
Player-916,"$32,277,026.39",32277026.39
Player-917,"$38,030,200.86",38030200.86
Player-918,"$2,757,849.73",2757849.73
Player-919,"$1,358,482.82",1358482.82
Player-920,"$49,904,171.43",49904171.43
Player-921,"$12,057,840.62",12057840.62
Player-922,"$21,526,939.40",21526939.4
Player-923,"$31,727,233.08",31727233.08
Player-924,"$41,897,497.59",41897497.59
Player-925,"$24,980,975.39",24980975.39
Player-926,"$23,212,366.49",23212366.49
Player-927,"$3,934,857.30",3934857.3
Player-928,"$32,235,314.22",32235314.22
Player-929,"$45,327,719.72",45327719.72
Player-930,"$18,044,559.75",18044559.75
Player-931,"$11,021,023.44",11021023.44
Player-932,"$19,499,150.39",19499150.39
Player-933,"$30,401,139.06",30401139.06
Player-934,"$26,026,661.40",26026661.4
Player-935,"$5,477,274.64",5477274.64
Player-936,"$29,567,867.18",29567867.18
Player-937,"$31,543,969.04",31543969.04
Player-938,"$250,396.26",250396.26
Player-939,"$17,760,831.48",17760831.48
Player-940,"$35,780,348.13",35780348.13
Player-941,"$48,057,720.39",48057720.39
Player-942,"$7,585,680.34",7585680.34
Player-943,"$28,588,507.11",28588507.11
Player-944,"$34,199,000.87",34199000.87
Player-945,"$10,834,878.46",10834878.46
Player-946,"$1,559,573.33",1559573.33
Player-947,"$38,202,904.67",38202904.67
Player-948,"$18,821,101.80",18821101.8
Player-949,"$5,900,650.62",5900650.62
Player-950,"$33,137,792.48",33137792.48
Player-951,"$43,090,248.33",43090248.33
Player-952,"$16,919,044.55",16919044.55
Player-953,"$5,245,324.42",5245324.42
Player-954,"$46,658,633.63",46658633.63
Player-955,"$8,655,438.27",8655438.27
Player-956,"$8,206,684.19",8206684.19
Player-957,"$39,353,567.20",39353567.2
Player-958,"$32,591,742.38",32591742.38
Player-959,"$31,542,826.73",31542826.73
Player-960,"$37,474,631.63",37474631.63
Player-961,"$4,069,192.69",4069192.69
Player-962,"$47,100,246.45",47100246.45
Player-963,"$10,870,411.43",10870411.43
Player-964,"$29,051,693.99",29051693.99
Player-965,"$22,600,659.64",22600659.64
Player-966,"$27,628,293.66",27628293.66
Player-967,"$13,267,010.84",13267010.84
Player-968,"$40,955,612.97",40955612.97
Player-969,"$40,121,151.27",40121151.27
Player-970,"$11,639,739.39",11639739.39
Player-971,"$32,113,935.38",32113935.38
Player-972,"$3,938,554.18",3938554.18
Player-973,"$17,973,730.90",17973730.9
Player-974,"$34,791,287.81",34791287.81
Player-975,"$31,912,399.83",31912399.83
Player-976,"$47,620,925.00",47620925.0
Player-977,"$20,373,606.14",20373606.14
Player-978,"$40,909,618.49",40909618.49
Player-979,"$1,161,006.12",1161006.12
Player-980,"$5,727,757.69",5727757.69
Player-981,"$47,040,718.11",47040718.11
Player-982,"$13,519,743.53",13519743.53
Player-983,"$23,237,346.54",23237346.54
Player-984,"$6,051,267.33",6051267.33
Player-985,"$37,095,144.86",37095144.86
Player-986,"$25,903,817.32",25903817.32
Player-987,"$22,218,039.83",22218039.83
Player-988,"$28,906,102.51",28906102.51
Player-989,"$15,340,409.41",15340409.41
Player-990,"$12,834,273.66",12834273.66
Player-991,"$25,395,693.35",25395693.35
Player-992,"$32,097,057.15",32097057.15
Player-993,"$35,720,190.32",35720190.32
Player-994,"$32,727,839.07",32727839.07
Player-995,"$17,356,884.22",17356884.22
Player-996,"$32,067,086.02",32067086.02
Player-997,"$1,390,999.10",1390999.1
Player-998,"$38,075,105.83",38075105.83
Player-999,"$27,056,241.75",27056241.75
Player-1000,"$46,363,848.17",46363848.17
Player-1001,"$31,230,263.26",31230263.26
Player-1002,"$8,100,438.24",8100438.24
Player-1003,"$26,135,059.66",26135059.66
Player-1004,"$24,524,362.34",24524362.34
Player-1005,"$2,653,338.94",2653338.94
Player-1006,"$9,561,769.82",9561769.82
Player-1007,"$37,897,748.76",37897748.76
Player-1008,"$7,828,219.27",7828219.27
Player-1009,"$13,414,363.99",13414363.99
Player-1010,"$47,884,984.41",47884984.41
Player-1011,"$24,167,713.08",24167713.08
Player-1012,"$49,379,171.33",49379171.33
Player-1013,"$40,817,801.83",40817801.83
Player-1014,"$21,250,409.74",21250409.74
Player-1015,"$46,874,147.19",46874147.19
Player-1016,"$22,927,762.35",22927762.35
Player-1017,"$45,969,558.85",45969558.85
Player-1018,"$26,224,736.02",26224736.02
Player-1019,"$1,014,086.33",1014086.33
Player-1020,"$38,232,683.12",38232683.12
Player-1021,"$46,994,065.69",46994065.69
Player-1022,"$24,229,887.65",24229887.65
Player-1023,"$45,131,607.29",45131607.29
Player-1024,"$20,547,671.10",20547671.1
Player-1025,"$24,076,459.95",24076459.95
Player-1026,"$14,943,363.30",14943363.3
Player-1027,"$20,753,522.11",20753522.11
Player-1028,"$44,003,604.34",44003604.34
Player-1029,"$33,385,947.53",33385947.53
Player-1030,"$34,511,789.23",34511789.23
Player-1031,"$23,725,778.81",23725778.81
Player-1032,"$39,333,527.99",39333527.99
Player-1033,"$3,690,500.63",3690500.63
Player-1034,"$31,415,495.36",31415495.36
Player-1035,"$11,298,062.94",11298062.94
Player-1036,"$16,868,876.02",16868876.02
Player-1037,"$10,906,417.50",10906417.5
Player-1038,"$2,759,866.26",2759866.26
Player-1039,"$46,580,197.45",46580197.45
Player-1040,"$24,669,999.89",24669999.89
Player-1041,"$10,362,287.19",10362287.19
Player-1042,"$14,775,217.77",14775217.77
Player-1043,"$43,344,460.84",43344460.84
Player-1044,"$2,463,395.08",2463395.08
Player-1045,"$13,681,252.66",13681252.66
Player-1046,"$16,730,836.91",16730836.91
Player-1047,"$6,265,005.71",6265005.71
Player-1048,"$31,909,550.05",31909550.05
Player-1049,"$47,923,700.70",47923700.7
Player-1050,"$38,201,319.20",38201319.2
Player-1051,"$49,945,231.68",49945231.68
Player-1052,"$18,821,582.79",18821582.79
Player-1053,"$42,955,869.31",42955869.31
Player-1054,"$27,309,108.55",27309108.55
Player-1055,"$43,340,495.45",43340495.45
Player-1056,"$12,355,531.34",12355531.34
Player-1057,"$43,326,639.21",43326639.21
Player-1058,"$39,971,010.31",39971010.31
Player-1059,"$12,006,584.10",12006584.1
Player-1060,"$35,476,490.45",35476490.45
Player-1061,"$11,832,751.47",11832751.47
Player-1062,"$21,479,908.25",21479908.25
Player-1063,"$32,498,966.93",32498966.93
Player-1064,"$42,155,097.58",42155097.58
Player-1065,"$19,675,259.35",19675259.35
Player-1066,"$7,949,690.42",7949690.42
Player-1067,"$21,394,969.71",21394969.71
Player-1068,"$15,462,901.09",15462901.09
Player-1069,"$6,345,032.95",6345032.95
Player-1070,"$43,897,858.00",43897858.0
Player-1071,"$8,385,617.98",8385617.98
Player-1072,"$16,014,067.74",16014067.74
Player-1073,"$16,501,603.76",16501603.76
Player-1074,"$17,408,810.41",17408810.41
Player-1075,"$43,077,631.89",43077631.89
Player-1076,"$48,411,640.31",48411640.31
Player-1077,"$24,524,014.30",24524014.3
Player-1078,"$37,078,826.00",37078826.0
Player-1079,"$33,889,764.39",33889764.39
Player-1080,"$7,701,270.20",7701270.2
Player-1081,"$25,450,528.17",25450528.17
Player-1082,"$3,532,889.49",3532889.49
Player-1083,"$32,475,877.25",32475877.25
Player-1084,"$3,793,443.96",3793443.96
Player-1085,"$20,049,927.27",20049927.27
Player-1086,"$10,318,961.74",10318961.74
Player-1087,"$7,628,331.45",7628331.45
Player-1088,"$7,516,535.38",7516535.38
Player-1089,"$37,504,042.25",37504042.25
Player-1090,"$14,977,032.54",14977032.54
Player-1091,"$2,431,557.59",2431557.59
Player-1092,"$46,408,527.46",46408527.46
Player-1093,"$48,912,426.85",48912426.85
Player-1094,"$33,983,977.59",33983977.59
Player-1095,"$20,055,578.27",20055578.27
Player-1096,"$13,318,612.26",13318612.26
Player-1097,"$7,276,585.09",7276585.09
Player-1098,"$48,522,119.10",48522119.1
Player-1099,"$26,890,067.59",26890067.59
Player-1100,"$13,859,842.09",13859842.09
Player-1101,"$8,162,629.62",8162629.62
Player-1102,"$25,051,863.76",25051863.76
Player-1103,"$40,747,107.00",40747107.0
Player-1104,"$33,739,878.83",33739878.83
Player-1105,"$49,050,260.31",49050260.31
Player-1106,"$44,017,235.99",44017235.99
Player-1107,"$6,982,643.74",6982643.74
Player-1108,"$31,686,858.39",31686858.39
Player-1109,"$30,411,425.47",30411425.47
Player-1110,"$12,687,725.22",12687725.22
Player-1111,"$35,108,145.37",35108145.37
Player-1112,"$26,163,191.91",26163191.91
Player-1113,"$12,683,807.96",12683807.96
Player-1114,"$2,314,981.62",2314981.62
Player-1115,"$45,504,817.04",45504817.04
Player-1116,"$25,645,209.20",25645209.2
Player-1117,"$28,021,443.17",28021443.17
Player-1118,"$41,696,677.97",41696677.97
Player-1119,"$39,723,119.36",39723119.36
Player-1120,"$30,814,560.71",30814560.71
Player-1121,"$33,631,188.20",33631188.2
Player-1122,"$31,286,623.10",31286623.1
Player-1123,"$21,727,832.09",21727832.09
Player-1124,"$8,275,249.93",8275249.93
Player-1125,"$22,224,898.08",22224898.08
Player-1126,"$24,557,072.93",24557072.93
Player-1127,"$2,957,219.30",2957219.3
Player-1128,"$43,535,329.59",43535329.59
Player-1129,"$28,614,404.39",28614404.39
Player-1130,"$24,342,668.47",24342668.47
Player-1131,"$4,998,373.56",4998373.56
Player-1132,"$32,218,536.58",32218536.58
Player-1133,"$43,744,756.36",43744756.36
Player-1134,"$28,368,859.44",28368859.44
Player-1135,"$29,524,277.08",29524277.08
Player-1136,"$26,077,817.65",26077817.65
Player-1137,"$40,865,134.20",40865134.2
Player-1138,"$23,265,951.08",23265951.08
Player-1139,"$24,934,373.47",24934373.47
Player-1140,"$23,819,979.02",23819979.02
Player-1141,"$23,190,982.50",23190982.5
Player-1142,"$42,181,307.33",42181307.33
Player-1143,"$4,134,666.43",4134666.43
Player-1144,"$28,089,698.78",28089698.78
Player-1145,"$32,851,022.09",32851022.09
Player-1146,"$37,561,051.37",37561051.37
Player-1147,"$10,648,622.90",10648622.9
Player-1148,"$13,854,845.23",13854845.23
Player-1149,"$24,385,354.33",24385354.33
Player-1150,"$22,478,892.45",22478892.45
Player-1151,"$24,830,480.54",24830480.54
Player-1152,"$14,556,190.70",14556190.7
Player-1153,"$4,943,488.06",4943488.06
Player-1154,"$40,441,949.90",40441949.9
Player-1155,"$44,258,333.64",44258333.64
Player-1156,"$5,831,889.12",5831889.12
Player-1157,"$5,126,627.27",5126627.27
Player-1158,"$11,108,665.30",11108665.3
Player-1159,"$40,140,996.06",40140996.06
Player-1160,"$30,026,931.09",30026931.09
Player-1161,"$44,197,047.94",44197047.94
Player-1162,"$36,724,270.39",36724270.39
Player-1163,"$8,010,346.37",8010346.37
Player-1164,"$1,406,749.25",1406749.25
Player-1165,"$6,052,471.71",6052471.71
Player-1166,"$1,078,374.30",1078374.3
Player-1167,"$14,226,905.93",14226905.93
Player-1168,"$27,345,691.37",27345691.37
Player-1169,"$43,270,715.32",43270715.32
Player-1170,"$7,858,591.31",7858591.31
Player-1171,"$46,753,481.45",46753481.45
Player-1172,"$38,591,711.78",38591711.78
Player-1173,"$28,169,043.82",28169043.82
Player-1174,"$33,978,091.07",33978091.07
Player-1175,"$11,841,003.91",11841003.91
Player-1176,"$35,341,167.23",35341167.23
Player-1177,"$41,362,368.42",41362368.42
Player-1178,"$47,708,365.78",47708365.78
Player-1179,"$17,697,463.98",17697463.98
Player-1180,"$20,821,568.58",20821568.58
Player-1181,"$32,225,020.81",32225020.81
Player-1182,"$17,330,852.02",17330852.02
Player-1183,"$31,237,431.60",31237431.6
Player-1184,"$42,495,253.94",42495253.94
Player-1185,"$34,659,664.79",34659664.79
Player-1186,"$21,342,025.56",21342025.56
Player-1187,"$42,947,687.47",42947687.47
Player-1188,"$2,787,977.81",2787977.81
Player-1189,"$374,252.95",374252.95
Player-1190,"$11,223,607.80",11223607.8
Player-1191,"$48,500,362.95",48500362.95
Player-1192,"$11,713,631.12",11713631.12
Player-1193,"$26,646,374.06",26646374.06
Player-1194,"$38,953,250.23",38953250.23
Player-1195,"$19,635,919.65",19635919.65
Player-1196,"$17,764,379.00",17764379.0
Player-1197,"$4,819,457.69",4819457.69
Player-1198,"$9,732,154.19",9732154.19
Player-1199,"$28,630,865.61",28630865.61
Player-1200,"$3,799,769.48",3799769.48
Player-1201,"$16,960,490.10",16960490.1
Player-1202,"$14,261,385.85",14261385.85
Player-1203,"$18,080,889.51",18080889.51
Player-1204,"$18,287,780.42",18287780.42
Player-1205,"$1,564,527.66",1564527.66
Player-1206,"$42,658,665.09",42658665.09
Player-1207,"$23,669,074.50",23669074.5
Player-1208,"$31,679,614.46",31679614.46
Player-1209,"$46,419,259.17",46419259.17
Player-1210,"$4,396,067.01",4396067.01
Player-1211,"$39,668,993.42",39668993.42
Player-1212,"$4,572,621.97",4572621.97
Player-1213,"$36,230,359.17",36230359.17
Player-1214,"$17,420,480.24",17420480.24
Player-1215,"$36,371,986.07",36371986.07
Player-1216,"$12,374,325.45",12374325.45
Player-1217,"$15,638,965.57",15638965.57
Player-1218,"$442,089.95",442089.95
Player-1219,"$39,739,228.27",39739228.27
Player-1220,"$44,313,499.13",44313499.13
Player-1221,"$25,169,497.66",25169497.66
Player-1222,"$10,946,707.86",10946707.86
Player-1223,"$15,783,754.44",15783754.44
Player-1224,"$8,732,408.66",8732408.66
Player-1225,"$41,921,890.58",41921890.58
Player-1226,"$30,279,372.11",30279372.11
Player-1227,"$36,178,977.06",36178977.06
Player-1228,"$15,192,362.39",15192362.39
Player-1229,"$19,697,547.09",19697547.09
Player-1230,"$3,511,700.55",3511700.55
Player-1231,"$32,692,226.74",32692226.74
Player-1232,"$23,746,657.22",23746657.22
Player-1233,"$39,781,634.06",39781634.06
Player-1234,"$20,889,532.93",20889532.93
Player-1235,"$37,509,141.58",37509141.58
Player-1236,"$29,719,440.55",29719440.55
Player-1237,"$44,625,023.47",44625023.47
Player-1238,"$22,266,480.36",22266480.36
Player-1239,"$47,866,605.95",47866605.95
Player-1240,"$15,358,119.20",15358119.2
Player-1241,"$16,452,601.10",16452601.1
Player-1242,"$19,710,605.51",19710605.51
Player-1243,"$2,895,169.96",2895169.96
Player-1244,"$29,711,810.02",29711810.02
Player-1245,"$18,496,019.95",18496019.95
Player-1246,"$39,211,347.13",39211347.13
Player-1247,"$48,438,997.74",48438997.74
Player-1248,"$4,664,842.56",4664842.56
Player-1249,"$10,684,290.47",10684290.47
Player-1250,"$5,415,097.23",5415097.23
Player-1251,"$37,320,059.43",37320059.43
Player-1252,"$1,177,724.13",1177724.13
Player-1253,"$12,369,151.48",12369151.48
Player-1254,"$5,523,036.21",5523036.21
Player-1255,"$33,910,854.35",33910854.35
Player-1256,"$3,540,624.60",3540624.6
Player-1257,"$13,345,985.62",13345985.62
Player-1258,"$37,735,935.31",37735935.31
Player-1259,"$38,295,213.55",38295213.55
Player-1260,"$44,053,624.52",44053624.52
Player-1261,"$20,905,812.81",20905812.81
Player-1262,"$44,930,106.53",44930106.53
Player-1263,"$34,246,061.65",34246061.65
Player-1264,"$43,398,608.36",43398608.36
Player-1265,"$42,294,154.53",42294154.53
Player-1266,"$30,283,856.23",30283856.23
Player-1267,"$45,119,364.42",45119364.42
Player-1268,"$16,579,836.46",16579836.46
Player-1269,"$523,875.35",523875.35
Player-1270,"$47,830,954.38",47830954.38
Player-1271,"$16,746,284.78",16746284.78
Player-1272,"$38,275,578.81",38275578.81
Player-1273,"$19,512,440.37",19512440.37
Player-1274,"$12,303,546.86",12303546.86
Player-1275,"$37,105,981.19",37105981.19
Player-1276,"$42,007,575.90",42007575.9
Player-1277,"$13,480,308.19",13480308.19
Player-1278,"$46,877,762.08",46877762.08
Player-1279,"$20,748,340.71",20748340.71
Player-1280,"$35,138,004.33",35138004.33
Player-1281,"$33,025,617.15",33025617.15
Player-1282,"$44,766,493.40",44766493.4
Player-1283,"$14,678,269.39",14678269.39
Player-1284,"$29,343,994.88",29343994.88
Player-1285,"$15,950,735.53",15950735.53
Player-1286,"$31,053,611.58",31053611.58
Player-1287,"$11,995,282.45",11995282.45
Player-1288,"$20,547,673.31",20547673.31
Player-1289,"$39,030,173.76",39030173.76
Player-1290,"$33,692,501.05",33692501.05
Player-1291,"$18,070,317.99",18070317.99
Player-1292,"$15,102,017.17",15102017.17
Player-1293,"$46,607,010.98",46607010.98
Player-1294,"$4,844,497.43",4844497.43
Player-1295,"$27,028,165.82",27028165.82
Player-1296,"$5,114,880.39",5114880.39
Player-1297,"$6,285,438.65",6285438.65
Player-1298,"$29,039,080.91",29039080.91
Player-1299,"$14,329,843.26",14329843.26
Player-1300,"$18,846,175.62",18846175.62
Player-1301,"$8,503,986.21",8503986.21
Player-1302,"$39,392,548.96",39392548.96
Player-1303,"$14,770,183.94",14770183.94
Player-1304,"$37,738,845.64",37738845.64
Player-1305,"$44,330,337.74",44330337.74
Player-1306,"$2,659,036.29",2659036.29
Player-1307,"$23,220,689.09",23220689.09
Player-1308,"$6,239,814.76",6239814.76
Player-1309,"$33,727,518.20",33727518.2
Player-1310,"$24,687,360.83",24687360.83
Player-1311,"$19,274,159.61",19274159.61
Player-1312,"$39,976,466.95",39976466.95
Player-1313,"$46,471,224.34",46471224.34
Player-1314,"$40,524,136.34",40524136.34
Player-1315,"$19,876,668.55",19876668.55
Player-1316,"$16,886,698.74",16886698.74
Player-1317,"$26,066,514.97",26066514.97
Player-1318,"$27,535,768.04",27535768.04
Player-1319,"$34,709,203.24",34709203.24
Player-1320,"$27,659,307.52",27659307.52
Player-1321,"$41,149,627.63",41149627.63
Player-1322,"$3,343,009.13",3343009.13
Player-1323,"$47,601,299.02",47601299.02
Player-1324,"$6,669,999.29",6669999.29
Player-1325,"$235,749.30",235749.3
Player-1326,"$25,928,392.61",25928392.61
Player-1327,"$21,134,295.32",21134295.32
Player-1328,"$11,237,056.77",11237056.77
Player-1329,"$4,834,550.99",4834550.99
Player-1330,"$8,981,336.00",8981336.0
Player-1331,"$7,852,133.42",7852133.42
Player-1332,"$41,072,069.15",41072069.15
Player-1333,"$22,244,214.37",22244214.37
Player-1334,"$47,699,656.62",47699656.62
Player-1335,"$38,988,259.03",38988259.03
Player-1336,"$28,873,863.03",28873863.03
Player-1337,"$32,921,585.43",32921585.43
Player-1338,"$47,635,939.27",47635939.27
Player-1339,"$16,977,679.38",16977679.38
Player-1340,"$48,208,723.96",48208723.96
Player-1341,"$32,456,546.32",32456546.32
Player-1342,"$2,641,110.82",2641110.82
Player-1343,"$17,953,948.14",17953948.14
Player-1344,"$10,357,991.98",10357991.98
Player-1345,"$3,317,037.01",3317037.01
Player-1346,"$39,548,929.24",39548929.24
Player-1347,"$29,337,835.95",29337835.95
Player-1348,"$18,006,099.07",18006099.07
Player-1349,"$27,311,641.93",27311641.93
Player-1350,"$278,059.62",278059.62
Player-1351,"$24,358,698.13",24358698.13
Player-1352,"$21,213,047.94",21213047.94
Player-1353,"$2,386,173.41",2386173.41
Player-1354,"$34,076,874.74",34076874.74
Player-1355,"$10,170,721.72",10170721.72
Player-1356,"$9,888,437.98",9888437.98
Player-1357,"$23,652,829.60",23652829.6
Player-1358,"$4,723,886.27",4723886.27
Player-1359,"$28,128,215.76",28128215.76
Player-1360,"$26,831,978.74",26831978.74
Player-1361,"$18,287,575.00",18287575.0
Player-1362,"$30,172,176.52",30172176.52
Player-1363,"$23,516,137.46",23516137.46
Player-1364,"$36,032,313.89",36032313.89
Player-1365,"$19,014,029.33",19014029.33
Player-1366,"$10,770,756.10",10770756.1
Player-1367,"$4,559,994.79",4559994.79
Player-1368,"$43,926,930.55",43926930.55
Player-1369,"$26,382,403.58",26382403.58
Player-1370,"$13,392,038.65",13392038.65
Player-1371,"$8,326,031.07",8326031.07
Player-1372,"$40,704,658.69",40704658.69
Player-1373,"$30,197,485.04",30197485.04
Player-1374,"$23,254,096.58",23254096.58
Player-1375,"$268,341.40",268341.4
Player-1376,"$31,525,197.14",31525197.14
Player-1377,"$20,904,156.36",20904156.36
Player-1378,"$35,453,122.55",35453122.55
Player-1379,"$27,191,701.32",27191701.32
Player-1380,"$16,119,677.28",16119677.28
Player-1381,"$38,012,307.77",38012307.77
Player-1382,"$13,550,213.50",13550213.5
Player-1383,"$10,292,813.01",10292813.01
Player-1384,"$25,413,263.88",25413263.88
Player-1385,"$18,287,754.28",18287754.28
Player-1386,"$40,782,036.05",40782036.05
